date,home_team,away_team,home_score,away_score,status,season,home_xG,home_xGA,home_result,away_xG,away_xGA,away_result
2023-08-11,Burnley FC,Manchester City FC,0,3,FINISHED,2023,0.311032,2.40074,l,2.40074,0.311032,w
2023-08-12,Arsenal FC,Nottingham Forest FC,2,1,FINISHED,2023,0.84262,0.966305,w,0.966305,0.84262,l
2023-08-12,AFC Bournemouth,West Ham United FC,1,1,FINISHED,2023,1.51025,1.4834,d,,,
2023-08-12,Brighton & Hove Albion FC,Luton Town FC,4,1,FINISHED,2023,,,,,,
2023-08-12,Everton FC,Fulham FC,0,1,FINISHED,2023,2.59001,1.58144,l,1.58144,2.59001,w
2023-08-12,Sheffield United FC,Crystal Palace FC,0,1,FINISHED,2023,0.422704,2.27616,l,2.27616,0.422704,w
2023-08-12,Newcastle United FC,Aston Villa FC,5,1,FINISHED,2023,4.32208,1.486,w,1.486,4.32208,l
2023-08-13,Brentford FC,Tottenham Hotspur FC,2,2,FINISHED,2023,1.90756,1.45316,d,,,
2023-08-13,Chelsea FC,Liverpool FC,1,1,FINISHED,2023,1.93258,1.29994,d,1.29994,1.93258,d
2023-08-14,Manchester United FC,Wolverhampton Wanderers FC,1,0,FINISHED,2023,1.97087,1.72228,w,1.72228,1.97087,l
2023-08-18,Nottingham Forest FC,Sheffield United FC,2,1,FINISHED,2023,1.37181,0.551038,w,0.551038,1.37181,l
2023-08-19,Fulham FC,Brentford FC,0,3,FINISHED,2023,0.399899,3.46888,l,3.46888,0.399899,w
2023-08-19,Liverpool FC,AFC Bournemouth,3,1,FINISHED,2023,3.25448,1.3867,w,1.3867,3.25448,l
2023-08-19,Wolverhampton Wanderers FC,Brighton & Hove Albion FC,1,4,FINISHED,2023,2.68821,3.15562,l,,,
2023-08-19,Tottenham Hotspur FC,Manchester United FC,2,0,FINISHED,2023,,,,2.44604,2.53904,l
2023-08-19,Manchester City FC,Newcastle United FC,1,0,FINISHED,2023,1.22528,0.257154,w,0.257154,1.22528,l
2023-08-20,Aston Villa FC,Everton FC,4,0,FINISHED,2023,3.24336,0.721465,w,0.721465,3.24336,l
2023-08-20,West Ham United FC,Chelsea FC,3,1,FINISHED,2023,,,,1.60916,1.71234,l
2023-08-21,Crystal Palace FC,Arsenal FC,0,1,FINISHED,2023,1.06916,2.20593,l,2.20593,1.06916,w
2023-08-25,Chelsea FC,Luton Town FC,3,0,FINISHED,2023,3.41419,0.465741,w,,,
2023-08-26,AFC Bournemouth,Tottenham Hotspur FC,0,2,FINISHED,2023,0.483582,2.26115,l,,,
2023-08-26,Everton FC,Wolverhampton Wanderers FC,0,1,FINISHED,2023,1.89792,1.40228,l,1.40228,1.89792,w
2023-08-26,Manchester United FC,Nottingham Forest FC,3,2,FINISHED,2023,3.02803,0.960354,w,0.960354,3.02803,l
2023-08-26,Arsenal FC,Fulham FC,2,2,FINISHED,2023,3.23088,0.849817,d,0.849817,3.23088,d
2023-08-26,Brentford FC,Crystal Palace FC,1,1,FINISHED,2023,0.948011,1.06061,d,1.06061,0.948011,d
2023-08-26,Brighton & Hove Albion FC,West Ham United FC,1,3,FINISHED,2023,,,,,,
2023-08-27,Sheffield United FC,Manchester City FC,1,2,FINISHED,2023,0.762232,3.84804,l,3.84804,0.762232,w
2023-08-27,Burnley FC,Aston Villa FC,1,3,FINISHED,2023,0.630605,2.83691,l,2.83691,0.630605,w
2023-08-27,Newcastle United FC,Liverpool FC,1,2,FINISHED,2023,1.62037,0.856121,l,0.856121,1.62037,w
2023-09-01,Luton Town FC,West Ham United FC,1,2,FINISHED,2023,,,,,,
2023-09-02,Sheffield United FC,Everton FC,2,2,FINISHED,2023,1.575,2.73871,d,2.73871,1.575,d
2023-09-02,Brentford FC,AFC Bournemouth,2,2,FINISHED,2023,3.07185,2.11013,d,2.11013,3.07185,d
2023-09-02,Burnley FC,Tottenham Hotspur FC,2,5,FINISHED,2023,1.66604,2.39785,l,,,
2023-09-02,Chelsea FC,Nottingham Forest FC,0,1,FINISHED,2023,2.28442,1.1505,l,1.1505,2.28442,w
2023-09-02,Manchester City FC,Fulham FC,5,1,FINISHED,2023,2.00152,1.46427,w,1.46427,2.00152,l
2023-09-02,Brighton & Hove Albion FC,Newcastle United FC,3,1,FINISHED,2023,,,,0.90476,1.32258,l
2023-09-03,Crystal Palace FC,Wolverhampton Wanderers FC,3,2,FINISHED,2023,2.32935,1.13911,w,1.13911,2.32935,l
2023-09-03,Liverpool FC,Aston Villa FC,3,0,FINISHED,2023,2.73138,0.615503,w,0.615503,2.73138,l
2023-09-03,Arsenal FC,Manchester United FC,3,1,FINISHED,2023,1.90973,0.966109,w,0.966109,1.90973,l
2023-09-16,Wolverhampton Wanderers FC,Liverpool FC,1,3,FINISHED,2023,0.538833,2.82701,l,2.82701,0.538833,w
2023-09-16,Aston Villa FC,Crystal Palace FC,3,1,FINISHED,2023,2.31518,1.11696,w,1.11696,2.31518,l
2023-09-16,Fulham FC,Luton Town FC,1,0,FINISHED,2023,1.75704,1.45705,w,,,
2023-09-16,Manchester United FC,Brighton & Hove Albion FC,1,3,FINISHED,2023,0.719951,1.93908,l,,,
2023-09-16,Tottenham Hotspur FC,Sheffield United FC,2,1,FINISHED,2023,,,,0.790655,2.15909,l
2023-09-16,West Ham United FC,Manchester City FC,1,3,FINISHED,2023,,,,4.15046,0.895632,w
2023-09-16,Newcastle United FC,Brentford FC,1,0,FINISHED,2023,1.50126,0.633678,w,0.633678,1.50126,l
2023-09-17,AFC Bournemouth,Chelsea FC,0,0,FINISHED,2023,1.32515,1.39677,d,1.39677,1.32515,d
2023-09-17,Everton FC,Arsenal FC,0,1,FINISHED,2023,0.28317,0.802605,l,0.802605,0.28317,w
2023-09-18,Nottingham Forest FC,Burnley FC,1,1,FINISHED,2023,0.705795,0.807651,d,0.807651,0.705795,d
2023-09-23,Crystal Palace FC,Fulham FC,0,0,FINISHED,2023,0.37236,0.542678,d,0.542678,0.37236,d
2023-09-23,Luton Town FC,Wolverhampton Wanderers FC,1,1,FINISHED,2023,,,,0.762984,2.24101,d
2023-09-23,Manchester City FC,Nottingham Forest FC,2,0,FINISHED,2023,1.33984,0.729109,w,0.729109,1.33984,l
2023-09-23,Brentford FC,Everton FC,1,3,FINISHED,2023,1.57402,2.51497,l,2.51497,1.57402,w
2023-09-23,Burnley FC,Manchester United FC,0,1,FINISHED,2023,0.935444,0.840273,l,0.840273,0.935444,w
2023-09-24,Arsenal FC,Tottenham Hotspur FC,2,2,FINISHED,2023,2.3429,2.21166,d,,,
2023-09-24,Brighton & Hove Albion FC,AFC Bournemouth,3,1,FINISHED,2023,,,,1.58984,2.14533,l
2023-09-24,Chelsea FC,Aston Villa FC,0,1,FINISHED,2023,1.19716,1.13479,l,1.13479,1.19716,w
2023-09-24,Liverpool FC,West Ham United FC,3,1,FINISHED,2023,4.14262,1.53878,w,,,
2023-09-24,Sheffield United FC,Newcastle United FC,0,8,FINISHED,2023,0.579392,5.1082,l,5.1082,0.579392,w
2023-09-30,Aston Villa FC,Brighton & Hove Albion FC,6,1,FINISHED,2023,1.90746,1.72819,w,,,
2023-09-30,AFC Bournemouth,Arsenal FC,0,4,FINISHED,2023,0.644443,4.0742,l,4.0742,0.644443,w
2023-09-30,Everton FC,Luton Town FC,1,2,FINISHED,2023,3.65377,1.5102,l,,,
2023-09-30,Manchester United FC,Crystal Palace FC,0,1,FINISHED,2023,1.55408,1.19015,l,1.19015,1.55408,w
2023-09-30,Newcastle United FC,Burnley FC,2,0,FINISHED,2023,3.08516,0.801849,w,0.801849,3.08516,l
2023-09-30,West Ham United FC,Sheffield United FC,2,0,FINISHED,2023,,,,0.911997,3.19753,l
2023-09-30,Wolverhampton Wanderers FC,Manchester City FC,2,1,FINISHED,2023,0.673985,0.98075,w,0.98075,0.673985,l
2023-09-30,Tottenham Hotspur FC,Liverpool FC,2,1,FINISHED,2023,,,,1.12299,2.18823,l
2023-10-01,Nottingham Forest FC,Brentford FC,1,1,FINISHED,2023,0.800317,1.75862,d,1.75862,0.800317,d
2023-10-02,Fulham FC,Chelsea FC,0,2,FINISHED,2023,0.889383,1.98461,l,1.98461,0.889383,w
2023-10-03,Luton Town FC,Burnley FC,1,2,FINISHED,2023,,,,0.920206,1.53058,w
2023-10-07,Luton Town FC,Tottenham Hotspur FC,0,1,FINISHED,2023,,,,,,
2023-10-07,Burnley FC,Chelsea FC,1,4,FINISHED,2023,0.956642,1.97566,l,1.97566,0.956642,w
2023-10-07,Everton FC,AFC Bournemouth,3,0,FINISHED,2023,3.16482,0.981732,w,0.981732,3.16482,l
2023-10-07,Fulham FC,Sheffield United FC,3,1,FINISHED,2023,2.26612,0.251809,w,0.251809,2.26612,l
2023-10-07,Manchester United FC,Brentford FC,2,1,FINISHED,2023,1.29356,1.02509,w,1.02509,1.29356,l
2023-10-07,Crystal Palace FC,Nottingham Forest FC,0,0,FINISHED,2023,0.982452,1.22105,d,1.22105,0.982452,d
2023-10-08,Brighton & Hove Albion FC,Liverpool FC,2,2,FINISHED,2023,,,,2.51029,2.23187,d
2023-10-08,West Ham United FC,Newcastle United FC,2,2,FINISHED,2023,,,,1.97865,0.931345,d
2023-10-08,Wolverhampton Wanderers FC,Aston Villa FC,1,1,FINISHED,2023,1.76232,1.81618,d,1.81618,1.76232,d
2023-10-08,Arsenal FC,Manchester City FC,1,0,FINISHED,2023,0.386558,0.858071,w,0.858071,0.386558,l
2023-10-21,Liverpool FC,Everton FC,2,0,FINISHED,2023,2.28568,0.0937725,w,0.0937725,2.28568,l
2023-10-21,AFC Bournemouth,Wolverhampton Wanderers FC,1,2,FINISHED,2023,1.01839,2.30454,l,2.30454,1.01839,w
2023-10-21,Brentford FC,Burnley FC,3,0,FINISHED,2023,3.15685,0.693129,w,0.693129,3.15685,l
2023-10-21,Manchester City FC,Brighton & Hove Albion FC,2,1,FINISHED,2023,0.962509,0.963733,w,,,
2023-10-21,Newcastle United FC,Crystal Palace FC,4,0,FINISHED,2023,3.73336,1.08795,w,1.08795,3.73336,l
2023-10-21,Nottingham Forest FC,Luton Town FC,2,2,FINISHED,2023,3.27549,1.49555,d,,,
2023-10-21,Chelsea FC,Arsenal FC,2,2,FINISHED,2023,1.71838,1.05791,d,1.05791,1.71838,d
2023-10-21,Sheffield United FC,Manchester United FC,1,2,FINISHED,2023,1.41074,1.46187,l,1.46187,1.41074,w
2023-10-22,Aston Villa FC,West Ham United FC,4,1,FINISHED,2023,2.34143,0.659622,w,,,
2023-10-23,Tottenham Hotspur FC,Fulham FC,2,0,FINISHED,2023,,,,0.745838,1.63523,l
2023-10-27,Crystal Palace FC,Tottenham Hotspur FC,1,2,FINISHED,2023,0.561834,0.989103,l,,,
2023-10-28,Chelsea FC,Brentford FC,0,2,FINISHED,2023,1.71801,2.48137,l,2.48137,1.71801,w
2023-10-28,AFC Bournemouth,Burnley FC,2,1,FINISHED,2023,1.10052,0.90255,w,0.90255,1.10052,l
2023-10-28,Arsenal FC,Sheffield United FC,5,0,FINISHED,2023,3.03496,0.0281554,w,0.0281554,3.03496,l
2023-10-28,Wolverhampton Wanderers FC,Newcastle United FC,2,2,FINISHED,2023,0.863393,2.31987,d,2.31987,0.863393,d
2023-10-29,West Ham United FC,Everton FC,0,1,FINISHED,2023,,,,0.733813,0.618578,w
2023-10-29,Aston Villa FC,Luton Town FC,3,1,FINISHED,2023,3.07654,0.453117,w,,,
2023-10-29,Brighton & Hove Albion FC,Fulham FC,1,1,FINISHED,2023,,,,0.552523,1.31996,d
2023-10-29,Liverpool FC,Nottingham Forest FC,3,0,FINISHED,2023,2.70428,0.642014,w,0.642014,2.70428,l
2023-10-29,Manchester United FC,Manchester City FC,0,3,FINISHED,2023,0.714628,4.54595,l,4.54595,0.714628,w
2023-11-04,Fulham FC,Manchester United FC,0,1,FINISHED,2023,1.18241,0.697095,l,0.697095,1.18241,w
2023-11-04,Brentford FC,West Ham United FC,3,2,FINISHED,2023,1.82944,1.75505,w,,,
2023-11-04,Burnley FC,Crystal Palace FC,0,2,FINISHED,2023,1.4998,1.43653,l,1.43653,1.4998,w
2023-11-04,Everton FC,Brighton & Hove Albion FC,1,1,FINISHED,2023,0.617607,0.442489,d,,,
2023-11-04,Manchester City FC,AFC Bournemouth,6,1,FINISHED,2023,2.39949,0.643127,w,0.643127,2.39949,l
2023-11-04,Sheffield United FC,Wolverhampton Wanderers FC,2,1,FINISHED,2023,1.10165,1.14803,w,1.14803,1.10165,l
2023-11-04,Newcastle United FC,Arsenal FC,1,0,FINISHED,2023,1.12355,0.535473,w,0.535473,1.12355,l
2023-11-05,Nottingham Forest FC,Aston Villa FC,2,0,FINISHED,2023,0.592447,1.33116,w,1.33116,0.592447,l
2023-11-05,Luton Town FC,Liverpool FC,1,1,FINISHED,2023,,,,3.03925,1.3411,d
2023-11-06,Tottenham Hotspur FC,Chelsea FC,1,4,FINISHED,2023,,,,4.05865,0.959108,w
2023-11-11,Wolverhampton Wanderers FC,Tottenham Hotspur FC,2,1,FINISHED,2023,1.90884,0.432315,w,,,
2023-11-11,Arsenal FC,Burnley FC,3,1,FINISHED,2023,2.63194,0.327706,w,0.327706,2.63194,l
2023-11-11,Crystal Palace FC,Everton FC,2,3,FINISHED,2023,1.89194,1.7904,l,1.7904,1.89194,w
2023-11-11,Manchester United FC,Luton Town FC,1,0,FINISHED,2023,2.74105,0.408265,w,,,
2023-11-11,AFC Bournemouth,Newcastle United FC,2,0,FINISHED,2023,2.78424,0.306141,w,0.306141,2.78424,l
2023-11-12,Aston Villa FC,Fulham FC,3,1,FINISHED,2023,2.86039,0.648745,w,0.648745,2.86039,l
2023-11-12,Brighton & Hove Albion FC,Sheffield United FC,1,1,FINISHED,2023,,,,0.84434,1.08601,d
2023-11-12,Liverpool FC,Brentford FC,3,0,FINISHED,2023,1.56004,1.44954,w,1.44954,1.56004,l
2023-11-12,West Ham United FC,Nottingham Forest FC,3,2,FINISHED,2023,,,,1.42128,2.06402,l
2023-11-12,Chelsea FC,Manchester City FC,4,4,FINISHED,2023,3.47238,3.19324,d,3.19324,3.47238,d
2023-11-25,Manchester City FC,Liverpool FC,1,1,FINISHED,2023,1.79622,0.766278,d,0.766278,1.79622,d
2023-11-25,Burnley FC,West Ham United FC,1,2,FINISHED,2023,1.44228,1.36963,l,,,
2023-11-25,Luton Town FC,Crystal Palace FC,2,1,FINISHED,2023,,,,1.83546,0.996153,l
2023-11-25,Newcastle United FC,Chelsea FC,4,1,FINISHED,2023,2.15227,0.968061,w,0.968061,2.15227,l
2023-11-25,Nottingham Forest FC,Brighton & Hove Albion FC,2,3,FINISHED,2023,2.22655,1.21792,l,,,
2023-11-25,Sheffield United FC,AFC Bournemouth,1,3,FINISHED,2023,0.816227,3.13975,l,3.13975,0.816227,w
2023-11-25,Brentford FC,Arsenal FC,0,1,FINISHED,2023,1.66315,1.82699,l,1.82699,1.66315,w
2023-11-26,Tottenham Hotspur FC,Aston Villa FC,1,2,FINISHED,2023,,,,2.39755,2.22542,w
2023-11-26,Everton FC,Manchester United FC,0,3,FINISHED,2023,2.49764,2.07334,l,2.07334,2.49764,w
2023-11-27,Fulham FC,Wolverhampton Wanderers FC,3,2,FINISHED,2023,2.49057,1.57875,w,1.57875,2.49057,l
2023-12-02,Arsenal FC,Wolverhampton Wanderers FC,2,1,FINISHED,2023,3.30368,1.07886,w,1.07886,3.30368,l
2023-12-02,Brentford FC,Luton Town FC,3,1,FINISHED,2023,3.25952,0.227176,w,,,
2023-12-02,Burnley FC,Sheffield United FC,5,0,FINISHED,2023,2.60469,0.618131,w,0.618131,2.60469,l
2023-12-02,Nottingham Forest FC,Everton FC,0,1,FINISHED,2023,0.673085,0.623789,l,0.623789,0.673085,w
2023-12-02,Newcastle United FC,Manchester United FC,1,0,FINISHED,2023,2.90191,0.422674,w,0.422674,2.90191,l
2023-12-03,AFC Bournemouth,Aston Villa FC,2,2,FINISHED,2023,2.54937,0.89511,d,0.89511,2.54937,d
2023-12-03,Chelsea FC,Brighton & Hove Albion FC,3,2,FINISHED,2023,1.66304,0.855058,w,,,
2023-12-03,Liverpool FC,Fulham FC,4,3,FINISHED,2023,2.72831,1.51005,w,1.51005,2.72831,l
2023-12-03,West Ham United FC,Crystal Palace FC,1,1,FINISHED,2023,,,,0.987682,1.1466,d
2023-12-03,Manchester City FC,Tottenham Hotspur FC,3,3,FINISHED,2023,2.90729,0.433077,d,,,
2023-12-05,Wolverhampton Wanderers FC,Burnley FC,1,0,FINISHED,2023,1.11886,0.781542,w,0.781542,1.11886,l
2023-12-05,Luton Town FC,Arsenal FC,3,4,FINISHED,2023,,,,2.58815,0.526254,w
2023-12-06,Brighton & Hove Albion FC,Brentford FC,2,1,FINISHED,2023,,,,1.22007,1.54099,l
2023-12-06,Fulham FC,Nottingham Forest FC,5,0,FINISHED,2023,3.09427,0.218659,w,0.218659,3.09427,l
2023-12-06,Sheffield United FC,Liverpool FC,0,2,FINISHED,2023,0.834172,1.80116,l,1.80116,0.834172,w
2023-12-06,Crystal Palace FC,AFC Bournemouth,0,2,FINISHED,2023,1.26441,1.79997,l,1.79997,1.26441,w
2023-12-06,Aston Villa FC,Manchester City FC,1,0,FINISHED,2023,2.1922,1.00198,w,1.00198,2.1922,l
2023-12-06,Manchester United FC,Chelsea FC,2,1,FINISHED,2023,4.03949,2.3512,w,2.3512,4.03949,l
2023-12-07,Everton FC,Newcastle United FC,3,0,FINISHED,2023,2.95393,1.29564,w,1.29564,2.95393,l
2023-12-07,Tottenham Hotspur FC,West Ham United FC,1,2,FINISHED,2023,,,,,,
2023-12-09,Crystal Palace FC,Liverpool FC,1,2,FINISHED,2023,1.79152,1.3708,l,1.3708,1.79152,w
2023-12-09,Brighton & Hove Albion FC,Burnley FC,1,1,FINISHED,2023,,,,1.05162,2.96247,d
2023-12-09,Manchester United FC,AFC Bournemouth,0,3,FINISHED,2023,1.11296,1.9742,l,1.9742,1.11296,w
2023-12-09,Sheffield United FC,Brentford FC,1,0,FINISHED,2023,0.841976,0.644638,w,0.644638,0.841976,l
2023-12-09,Wolverhampton Wanderers FC,Nottingham Forest FC,1,1,FINISHED,2023,1.02199,1.21801,d,1.21801,1.02199,d
2023-12-09,Aston Villa FC,Arsenal FC,1,0,FINISHED,2023,0.628499,1.71667,w,1.71667,0.628499,l
2023-12-10,Everton FC,Chelsea FC,2,0,FINISHED,2023,1.11437,0.885512,w,0.885512,1.11437,l
2023-12-10,Fulham FC,West Ham United FC,5,0,FINISHED,2023,2.1884,0.983,w,,,
2023-12-10,Luton Town FC,Manchester City FC,1,2,FINISHED,2023,,,,2.23353,0.689037,w
2023-12-10,Tottenham Hotspur FC,Newcastle United FC,4,1,FINISHED,2023,,,,1.61368,4.40118,l
2023-12-15,Nottingham Forest FC,Tottenham Hotspur FC,0,2,FINISHED,2023,1.70569,1.60738,l,,,
2023-12-16,Chelsea FC,Sheffield United FC,2,0,FINISHED,2023,3.27322,0.44014,w,0.44014,3.27322,l
2023-12-16,Manchester City FC,Crystal Palace FC,2,2,FINISHED,2023,2.41646,1.64977,d,1.64977,2.41646,d
2023-12-16,Newcastle United FC,Fulham FC,3,0,FINISHED,2023,4.27933,0.471042,w,0.471042,4.27933,l
2023-12-16,Burnley FC,Everton FC,0,2,FINISHED,2023,0.811435,2.22305,l,2.22305,0.811435,w
2023-12-17,Arsenal FC,Brighton & Hove Albion FC,2,0,FINISHED,2023,2.76976,0.663054,w,,,
2023-12-17,Brentford FC,Aston Villa FC,1,2,FINISHED,2023,0.796812,1.4664,l,1.4664,0.796812,w
2023-12-17,West Ham United FC,Wolverhampton Wanderers FC,3,0,FINISHED,2023,,,,0.556206,1.03828,l
2023-12-17,Liverpool FC,Manchester United FC,0,0,FINISHED,2023,1.97111,0.632715,d,0.632715,1.97111,d
2023-12-21,Crystal Palace FC,Brighton & Hove Albion FC,1,1,FINISHED,2023,1.65409,1.33653,d,,,
2023-12-22,Aston Villa FC,Sheffield United FC,1,1,FINISHED,2023,1.21861,0.646159,d,0.646159,1.21861,d
2023-12-23,West Ham United FC,Manchester United FC,2,0,FINISHED,2023,,,,0.730496,1.51468,l
2023-12-23,Fulham FC,Burnley FC,0,2,FINISHED,2023,1.38096,0.41714,l,0.41714,1.38096,w
2023-12-23,Luton Town FC,Newcastle United FC,1,0,FINISHED,2023,,,,1.41488,1.81844,l
2023-12-23,Nottingham Forest FC,AFC Bournemouth,2,3,FINISHED,2023,0.791806,1.89067,l,1.89067,0.791806,w
2023-12-23,Tottenham Hotspur FC,Everton FC,2,1,FINISHED,2023,,,,1.98385,1.57527,l
2023-12-23,Liverpool FC,Arsenal FC,1,1,FINISHED,2023,0.982901,0.851681,d,0.851681,0.982901,d
2023-12-24,Wolverhampton Wanderers FC,Chelsea FC,2,1,FINISHED,2023,1.74626,1.75447,w,1.75447,1.74626,l
2023-12-26,Newcastle United FC,Nottingham Forest FC,1,3,FINISHED,2023,2.79106,3.1074,l,3.1074,2.79106,w
2023-12-26,AFC Bournemouth,Fulham FC,3,0,FINISHED,2023,2.07911,0.324365,w,0.324365,2.07911,l
2023-12-26,Sheffield United FC,Luton Town FC,2,3,FINISHED,2023,3.61788,0.715575,l,,,
2023-12-26,Burnley FC,Liverpool FC,0,2,FINISHED,2023,0.972389,1.68451,l,1.68451,0.972389,w
2023-12-26,Manchester United FC,Aston Villa FC,3,2,FINISHED,2023,1.20104,1.83637,w,1.83637,1.20104,l
2023-12-27,Brentford FC,Wolverhampton Wanderers FC,1,4,FINISHED,2023,2.59347,1.89483,l,1.89483,2.59347,w
2023-12-27,Chelsea FC,Crystal Palace FC,2,1,FINISHED,2023,2.73005,0.958077,w,0.958077,2.73005,l
2023-12-27,Everton FC,Manchester City FC,1,3,FINISHED,2023,1.23529,2.28321,l,2.28321,1.23529,w
2023-12-28,Brighton & Hove Albion FC,Tottenham Hotspur FC,4,2,FINISHED,2023,,,,,,
2023-12-28,Arsenal FC,West Ham United FC,0,2,FINISHED,2023,2.7884,1.59711,l,,,
2023-12-30,Luton Town FC,Chelsea FC,2,3,FINISHED,2023,,,,1.57463,2.64093,w
2023-12-30,Aston Villa FC,Burnley FC,3,2,FINISHED,2023,2.92587,1.11923,w,1.11923,2.92587,l
2023-12-30,Crystal Palace FC,Brentford FC,3,1,FINISHED,2023,1.61057,1.28731,w,1.28731,1.61057,l
2023-12-30,Manchester City FC,Sheffield United FC,2,0,FINISHED,2023,2.24229,0.263211,w,0.263211,2.24229,l
2023-12-30,Wolverhampton Wanderers FC,Everton FC,3,0,FINISHED,2023,2.64477,0.519641,w,0.519641,2.64477,l
2023-12-30,Nottingham Forest FC,Manchester United FC,2,1,FINISHED,2023,0.744348,0.651905,w,0.651905,0.744348,l
2023-12-31,Fulham FC,Arsenal FC,2,1,FINISHED,2023,1.52829,1.6591,w,1.6591,1.52829,l
2023-12-31,Tottenham Hotspur FC,AFC Bournemouth,3,1,FINISHED,2023,,,,1.58229,2.15027,l
2024-01-01,Liverpool FC,Newcastle United FC,4,2,FINISHED,2023,6.67151,0.910974,w,0.910974,6.67151,l
2024-01-02,West Ham United FC,Brighton & Hove Albion FC,0,0,FINISHED,2023,,,,,,
2024-01-12,Burnley FC,Luton Town FC,1,1,FINISHED,2023,1.52023,0.965167,d,,,
2024-01-13,Chelsea FC,Fulham FC,1,0,FINISHED,2023,2.0456,0.697847,w,0.697847,2.0456,l
2024-01-13,Newcastle United FC,Manchester City FC,2,3,FINISHED,2023,1.23638,2.55452,l,2.55452,1.23638,w
2024-01-14,Everton FC,Aston Villa FC,0,0,FINISHED,2023,1.03664,1.3435,d,1.3435,1.03664,d
2024-01-14,Manchester United FC,Tottenham Hotspur FC,2,2,FINISHED,2023,0.923233,1.31224,d,,,
2024-01-20,Arsenal FC,Crystal Palace FC,5,0,FINISHED,2023,3.52167,0.288083,w,0.288083,3.52167,l
2024-01-20,Brentford FC,Nottingham Forest FC,3,2,FINISHED,2023,1.94219,1.22251,w,1.22251,1.94219,l
2024-01-21,Sheffield United FC,West Ham United FC,2,2,FINISHED,2023,2.61362,2.4241,d,,,
2024-01-21,AFC Bournemouth,Liverpool FC,0,4,FINISHED,2023,0.834585,1.53344,l,1.53344,0.834585,w
2024-01-22,Brighton & Hove Albion FC,Wolverhampton Wanderers FC,0,0,FINISHED,2023,,,,1.14116,1.3701,d
2024-01-30,Nottingham Forest FC,Arsenal FC,1,2,FINISHED,2023,0.631618,1.39143,l,1.39143,0.631618,w
2024-01-30,Luton Town FC,Brighton & Hove Albion FC,4,0,FINISHED,2023,,,,,,
2024-01-30,Fulham FC,Everton FC,0,0,FINISHED,2023,2.37499,2.83317,d,2.83317,2.37499,d
2024-01-30,Crystal Palace FC,Sheffield United FC,3,2,FINISHED,2023,1.1601,0.768467,w,0.768467,1.1601,l
2024-01-30,Aston Villa FC,Newcastle United FC,1,3,FINISHED,2023,1.44485,3.3224,l,3.3224,1.44485,w
2024-01-31,Tottenham Hotspur FC,Brentford FC,3,2,FINISHED,2023,,,,1.59637,3.36194,l
2024-01-31,Manchester City FC,Burnley FC,3,1,FINISHED,2023,1.84756,1.49114,w,1.49114,1.84756,l
2024-01-31,Liverpool FC,Chelsea FC,4,1,FINISHED,2023,3.6627,0.477972,w,0.477972,3.6627,l
2024-02-01,West Ham United FC,AFC Bournemouth,1,1,FINISHED,2023,,,,1.13487,1.3128,d
2024-02-01,Wolverhampton Wanderers FC,Manchester United FC,3,4,FINISHED,2023,2.27609,3.22698,l,3.22698,2.27609,w
2024-02-03,Everton FC,Tottenham Hotspur FC,2,2,FINISHED,2023,3.25881,0.922371,d,,,
2024-02-03,Brighton & Hove Albion FC,Crystal Palace FC,4,1,FINISHED,2023,,,,0.241137,1.92591,l
2024-02-03,Burnley FC,Fulham FC,2,2,FINISHED,2023,1.00428,1.28806,d,1.28806,1.00428,d
2024-02-03,Newcastle United FC,Luton Town FC,4,4,FINISHED,2023,2.37353,2.67463,d,,,
2024-02-03,Sheffield United FC,Aston Villa FC,0,5,FINISHED,2023,1.52784,2.99015,l,2.99015,1.52784,w
2024-02-04,AFC Bournemouth,Nottingham Forest FC,1,1,FINISHED,2023,1.1895,0.456548,d,0.456548,1.1895,d
2024-02-04,Chelsea FC,Wolverhampton Wanderers FC,2,4,FINISHED,2023,2.35967,2.48996,l,2.48996,2.35967,w
2024-02-04,Manchester United FC,West Ham United FC,3,0,FINISHED,2023,0.96721,1.1807,w,,,
2024-02-04,Arsenal FC,Liverpool FC,3,1,FINISHED,2023,2.8526,0.542052,w,0.542052,2.8526,l
2024-02-05,Brentford FC,Manchester City FC,1,3,FINISHED,2023,0.865741,2.10785,l,2.10785,0.865741,w
2024-02-10,Manchester City FC,Everton FC,2,0,FINISHED,2023,1.58971,0.192072,w,0.192072,1.58971,l
2024-02-10,Fulham FC,AFC Bournemouth,3,1,FINISHED,2023,1.7456,2.60612,w,2.60612,1.7456,l
2024-02-10,Liverpool FC,Burnley FC,3,1,FINISHED,2023,3.14734,1.11123,w,1.11123,3.14734,l
2024-02-10,Luton Town FC,Sheffield United FC,1,3,FINISHED,2023,,,,1.98283,1.76215,w
2024-02-10,Tottenham Hotspur FC,Brighton & Hove Albion FC,2,1,FINISHED,2023,,,,,,
2024-02-10,Wolverhampton Wanderers FC,Brentford FC,0,2,FINISHED,2023,1.05781,1.84908,l,1.84908,1.05781,w
2024-02-10,Nottingham Forest FC,Newcastle United FC,2,3,FINISHED,2023,0.968075,0.511375,l,0.511375,0.968075,w
2024-02-11,West Ham United FC,Arsenal FC,0,6,FINISHED,2023,,,,3.99893,0.191065,w
2024-02-11,Aston Villa FC,Manchester United FC,1,2,FINISHED,2023,2.64675,2.44591,l,2.44591,2.64675,w
2024-02-12,Crystal Palace FC,Chelsea FC,1,3,FINISHED,2023,0.719516,1.26948,l,1.26948,0.719516,w
2024-02-17,Brentford FC,Liverpool FC,1,4,FINISHED,2023,1.69518,3.08952,l,3.08952,1.69518,w
2024-02-17,Burnley FC,Arsenal FC,0,5,FINISHED,2023,0.335143,2.20575,l,2.20575,0.335143,w
2024-02-17,Fulham FC,Aston Villa FC,1,2,FINISHED,2023,1.41796,1.57297,l,1.57297,1.41796,w
2024-02-17,Newcastle United FC,AFC Bournemouth,2,2,FINISHED,2023,2.38425,2.08098,d,2.08098,2.38425,d
2024-02-17,Nottingham Forest FC,West Ham United FC,2,0,FINISHED,2023,2.66942,0.520016,w,,,
2024-02-17,Tottenham Hotspur FC,Wolverhampton Wanderers FC,1,2,FINISHED,2023,,,,1.77591,1.59768,w
2024-02-17,Manchester City FC,Chelsea FC,1,1,FINISHED,2023,2.77713,1.82903,d,1.82903,2.77713,d
2024-02-18,Sheffield United FC,Brighton & Hove Albion FC,0,5,FINISHED,2023,0.586214,3.35549,l,,,
2024-02-18,Luton Town FC,Manchester United FC,1,2,FINISHED,2023,,,,3.58973,1.57234,w
2024-02-19,Everton FC,Crystal Palace FC,1,1,FINISHED,2023,2.44588,0.734685,d,0.734685,2.44588,d
2024-02-20,Manchester City FC,Brentford FC,1,0,FINISHED,2023,2.53766,0.503799,w,0.503799,2.53766,l
2024-02-21,Liverpool FC,Luton Town FC,4,1,FINISHED,2023,3.70302,0.956512,w,,,
2024-02-24,Aston Villa FC,Nottingham Forest FC,4,2,FINISHED,2023,3.48861,2.25569,w,2.25569,3.48861,l
2024-02-24,Brighton & Hove Albion FC,Everton FC,1,1,FINISHED,2023,,,,0.286655,1.6538,d
2024-02-24,Crystal Palace FC,Burnley FC,3,0,FINISHED,2023,2.41612,0.0760216,w,0.0760216,2.41612,l
2024-02-24,Manchester United FC,Fulham FC,1,2,FINISHED,2023,1.96036,1.1385,l,1.1385,1.96036,w
2024-02-24,AFC Bournemouth,Manchester City FC,0,1,FINISHED,2023,0.925889,1.79636,l,1.79636,0.925889,w
2024-02-24,Arsenal FC,Newcastle United FC,4,1,FINISHED,2023,2.59336,0.217373,w,0.217373,2.59336,l
2024-02-25,Wolverhampton Wanderers FC,Sheffield United FC,1,0,FINISHED,2023,1.21618,0.654342,w,0.654342,1.21618,l
2024-02-26,West Ham United FC,Brentford FC,4,2,FINISHED,2023,,,,1.33683,2.06873,l
2024-03-02,Brentford FC,Chelsea FC,2,2,FINISHED,2023,2.4732,2.1523,d,2.1523,2.4732,d
2024-03-02,Everton FC,West Ham United FC,1,3,FINISHED,2023,3.12075,2.17948,l,,,
2024-03-02,Fulham FC,Brighton & Hove Albion FC,3,0,FINISHED,2023,1.37604,1.15198,w,,,
2024-03-02,Newcastle United FC,Wolverhampton Wanderers FC,3,0,FINISHED,2023,3.33495,0.507769,w,0.507769,3.33495,l
2024-03-02,Nottingham Forest FC,Liverpool FC,0,1,FINISHED,2023,0.971466,1.32259,l,1.32259,0.971466,w
2024-03-02,Tottenham Hotspur FC,Crystal Palace FC,3,1,FINISHED,2023,,,,0.277887,2.6625,l
2024-03-02,Luton Town FC,Aston Villa FC,2,3,FINISHED,2023,,,,2.08586,2.43312,w
2024-03-03,Burnley FC,AFC Bournemouth,0,2,FINISHED,2023,1.60461,1.43616,l,1.43616,1.60461,w
2024-03-03,Manchester City FC,Manchester United FC,3,1,FINISHED,2023,2.64173,0.153764,w,0.153764,2.64173,l
2024-03-04,Sheffield United FC,Arsenal FC,0,6,FINISHED,2023,0.201374,2.47294,l,2.47294,0.201374,w
2024-03-09,Manchester United FC,Everton FC,2,0,FINISHED,2023,2.9016,1.8214,w,1.8214,2.9016,l
2024-03-09,AFC Bournemouth,Sheffield United FC,2,2,FINISHED,2023,3.92657,1.91752,d,1.91752,3.92657,d
2024-03-09,Crystal Palace FC,Luton Town FC,1,1,FINISHED,2023,3.25103,1.08531,d,,,
2024-03-09,Wolverhampton Wanderers FC,Fulham FC,2,1,FINISHED,2023,1.29589,2.94155,w,2.94155,1.29589,l
2024-03-09,Arsenal FC,Brentford FC,2,1,FINISHED,2023,1.59369,0.733239,w,0.733239,1.59369,l
2024-03-10,Aston Villa FC,Tottenham Hotspur FC,0,4,FINISHED,2023,1.23267,2.25381,l,,,
2024-03-10,Brighton & Hove Albion FC,Nottingham Forest FC,1,0,FINISHED,2023,,,,0.687034,0.534518,l
2024-03-10,West Ham United FC,Burnley FC,2,2,FINISHED,2023,,,,0.88131,1.87414,d
2024-03-10,Liverpool FC,Manchester City FC,1,1,FINISHED,2023,2.25492,1.37289,d,1.37289,2.25492,d
2024-03-11,Chelsea FC,Newcastle United FC,3,2,FINISHED,2023,1.78315,0.568435,w,0.568435,1.78315,l
2024-03-13,AFC Bournemouth,Luton Town FC,4,3,FINISHED,2023,2.84403,2.79419,w,,,
2024-03-16,Burnley FC,Brentford FC,2,1,FINISHED,2023,2.69776,1.25123,w,1.25123,2.69776,l
2024-03-16,Luton Town FC,Nottingham Forest FC,1,1,FINISHED,2023,,,,1.95268,0.853782,d
2024-03-16,Fulham FC,Tottenham Hotspur FC,3,0,FINISHED,2023,2.47234,2.14564,w,,,
2024-03-17,West Ham United FC,Aston Villa FC,1,1,FINISHED,2023,,,,0.911274,1.32829,d
2024-03-30,Newcastle United FC,West Ham United FC,4,3,FINISHED,2023,3.80922,0.994584,w,,,
2024-03-30,AFC Bournemouth,Everton FC,2,1,FINISHED,2023,1.39268,0.93378,w,0.93378,1.39268,l
2024-03-30,Chelsea FC,Burnley FC,2,2,FINISHED,2023,4.46643,2.10422,d,2.10422,4.46643,d
2024-03-30,Nottingham Forest FC,Crystal Palace FC,1,1,FINISHED,2023,0.784652,0.900972,d,0.900972,0.784652,d
2024-03-30,Sheffield United FC,Fulham FC,3,3,FINISHED,2023,1.78824,1.10254,d,1.10254,1.78824,d
2024-03-30,Tottenham Hotspur FC,Luton Town FC,2,1,FINISHED,2023,,,,,,
2024-03-30,Aston Villa FC,Wolverhampton Wanderers FC,2,0,FINISHED,2023,1.28271,1.66232,w,1.66232,1.28271,l
2024-03-30,Brentford FC,Manchester United FC,1,1,FINISHED,2023,3.16487,0.989565,d,0.989565,3.16487,d
2024-03-31,Liverpool FC,Brighton & Hove Albion FC,2,1,FINISHED,2023,3.21149,0.43922,w,,,
2024-03-31,Manchester City FC,Arsenal FC,0,0,FINISHED,2023,1.22009,0.511402,d,0.511402,1.22009,d
2024-04-02,Nottingham Forest FC,Fulham FC,3,1,FINISHED,2023,1.94619,1.04304,w,1.04304,1.94619,l
2024-04-02,Newcastle United FC,Everton FC,1,1,FINISHED,2023,2.65009,1.69834,d,1.69834,2.65009,d
2024-04-02,AFC Bournemouth,Crystal Palace FC,1,0,FINISHED,2023,1.30969,0.174389,w,0.174389,1.30969,l
2024-04-02,Burnley FC,Wolverhampton Wanderers FC,1,1,FINISHED,2023,1.12581,1.01021,d,1.01021,1.12581,d
2024-04-02,West Ham United FC,Tottenham Hotspur FC,1,1,FINISHED,2023,,,,,,
2024-04-03,Arsenal FC,Luton Town FC,2,0,FINISHED,2023,1.14384,0.292082,w,,,
2024-04-03,Brentford FC,Brighton & Hove Albion FC,0,0,FINISHED,2023,0.423299,1.22404,d,,,
2024-04-03,Manchester City FC,Aston Villa FC,4,1,FINISHED,2023,3.87704,1.18643,w,1.18643,3.87704,l
2024-04-04,Liverpool FC,Sheffield United FC,3,1,FINISHED,2023,2.51772,0.720948,w,0.720948,2.51772,l
2024-04-04,Chelsea FC,Manchester United FC,4,3,FINISHED,2023,3.48048,1.56686,w,1.56686,3.48048,l
2024-04-06,Crystal Palace FC,Manchester City FC,2,4,FINISHED,2023,1.49472,2.26381,l,2.26381,1.49472,w
2024-04-06,Aston Villa FC,Brentford FC,3,3,FINISHED,2023,1.16333,1.42064,d,1.42064,1.16333,d
2024-04-06,Everton FC,Burnley FC,1,0,FINISHED,2023,0.659844,0.34699,w,0.34699,0.659844,l
2024-04-06,Fulham FC,Newcastle United FC,0,1,FINISHED,2023,0.834564,1.18012,l,1.18012,0.834564,w
2024-04-06,Luton Town FC,AFC Bournemouth,2,1,FINISHED,2023,,,,0.616108,1.30478,l
2024-04-06,Wolverhampton Wanderers FC,West Ham United FC,1,2,FINISHED,2023,1.78341,1.14133,l,,,
2024-04-06,Brighton & Hove Albion FC,Arsenal FC,0,3,FINISHED,2023,,,,4.16518,0.428514,w
2024-04-07,Manchester United FC,Liverpool FC,2,2,FINISHED,2023,0.814509,4.43457,d,4.43457,0.814509,d
2024-04-07,Sheffield United FC,Chelsea FC,2,2,FINISHED,2023,1.74265,0.521789,d,0.521789,1.74265,d
2024-04-07,Tottenham Hotspur FC,Nottingham Forest FC,3,1,FINISHED,2023,,,,2.00122,1.61978,l
2024-04-13,Newcastle United FC,Tottenham Hotspur FC,4,0,FINISHED,2023,3.1483,0.737596,w,,,
2024-04-13,Brentford FC,Sheffield United FC,2,0,FINISHED,2023,1.09071,0.834498,w,0.834498,1.09071,l
2024-04-13,Burnley FC,Brighton & Hove Albion FC,1,1,FINISHED,2023,1.8522,0.889445,d,,,
2024-04-13,Manchester City FC,Luton Town FC,5,1,FINISHED,2023,4.64245,0.809775,w,,,
2024-04-13,Nottingham Forest FC,Wolverhampton Wanderers FC,2,2,FINISHED,2023,1.76244,1.45688,d,1.45688,1.76244,d
2024-04-13,AFC Bournemouth,Manchester United FC,2,2,FINISHED,2023,2.38519,1.52274,d,1.52274,2.38519,d
2024-04-14,Liverpool FC,Crystal Palace FC,0,1,FINISHED,2023,3.04497,2.12879,l,2.12879,3.04497,w
2024-04-14,West Ham United FC,Fulham FC,0,2,FINISHED,2023,,,,3.61413,1.45307,w
2024-04-14,Arsenal FC,Aston Villa FC,0,2,FINISHED,2023,1.89003,0.929049,l,0.929049,1.89003,w
2024-04-15,Chelsea FC,Everton FC,6,0,FINISHED,2023,3.37093,1.21791,w,1.21791,3.37093,l
2024-04-20,Luton Town FC,Brentford FC,1,5,FINISHED,2023,,,,3.7809,0.497799,w
2024-04-20,Sheffield United FC,Burnley FC,1,4,FINISHED,2023,1.97816,2.42338,l,2.42338,1.97816,w
2024-04-20,Wolverhampton Wanderers FC,Arsenal FC,0,2,FINISHED,2023,0.164516,1.66179,l,1.66179,0.164516,w
2024-04-21,Everton FC,Nottingham Forest FC,2,0,FINISHED,2023,0.473233,1.18916,w,1.18916,0.473233,l
2024-04-21,Aston Villa FC,AFC Bournemouth,3,1,FINISHED,2023,2.62687,2.05211,w,2.05211,2.62687,l
2024-04-21,Crystal Palace FC,West Ham United FC,5,2,FINISHED,2023,3.7185,1.34536,w,,,
2024-04-21,Fulham FC,Liverpool FC,1,3,FINISHED,2023,0.83885,1.02445,l,1.02445,0.83885,w
2024-04-23,Arsenal FC,Chelsea FC,5,0,FINISHED,2023,3.45858,1.60343,w,1.60343,3.45858,l
2024-04-24,Wolverhampton Wanderers FC,AFC Bournemouth,0,1,FINISHED,2023,0.484454,2.40311,l,2.40311,0.484454,w
2024-04-24,Crystal Palace FC,Newcastle United FC,2,0,FINISHED,2023,1.43661,0.55129,w,0.55129,1.43661,l
2024-04-24,Everton FC,Liverpool FC,2,0,FINISHED,2023,1.89111,1.87155,w,1.87155,1.89111,l
2024-04-24,Manchester United FC,Sheffield United FC,4,2,FINISHED,2023,3.51311,1.20517,w,1.20517,3.51311,l
2024-04-25,Brighton & Hove Albion FC,Manchester City FC,0,4,FINISHED,2023,,,,1.90507,0.572021,w
2024-04-27,West Ham United FC,Liverpool FC,2,2,FINISHED,2023,,,,2.29298,0.794025,d
2024-04-27,Fulham FC,Crystal Palace FC,1,1,FINISHED,2023,1.39418,1.05387,d,1.05387,1.39418,d
2024-04-27,Manchester United FC,Burnley FC,1,1,FINISHED,2023,3.06197,1.89591,d,1.89591,3.06197,d
2024-04-27,Newcastle United FC,Sheffield United FC,5,1,FINISHED,2023,2.93477,1.82408,w,1.82408,2.93477,l
2024-04-27,Wolverhampton Wanderers FC,Luton Town FC,2,1,FINISHED,2023,1.49011,0.90435,w,,,
2024-04-27,Everton FC,Brentford FC,1,0,FINISHED,2023,1.21399,0.956356,w,0.956356,1.21399,l
2024-04-27,Aston Villa FC,Chelsea FC,2,2,FINISHED,2023,0.612257,1.56401,d,1.56401,0.612257,d
2024-04-28,AFC Bournemouth,Brighton & Hove Albion FC,3,0,FINISHED,2023,2.48132,1.35682,w,,,
2024-04-28,Tottenham Hotspur FC,Arsenal FC,2,3,FINISHED,2023,,,,1.51469,2.60458,w
2024-04-28,Nottingham Forest FC,Manchester City FC,0,2,FINISHED,2023,2.17312,0.932063,l,0.932063,2.17312,w
2024-05-02,Chelsea FC,Tottenham Hotspur FC,2,0,FINISHED,2023,2.22432,1.27064,w,,,
2024-05-03,Luton Town FC,Everton FC,1,1,FINISHED,2023,,,,1.22959,0.950391,d
2024-05-04,Arsenal FC,AFC Bournemouth,3,0,FINISHED,2023,3.91372,0.4687,w,0.4687,3.91372,l
2024-05-04,Brentford FC,Fulham FC,0,0,FINISHED,2023,0.809379,1.45579,d,1.45579,0.809379,d
2024-05-04,Burnley FC,Newcastle United FC,1,4,FINISHED,2023,1.28632,4.25643,l,4.25643,1.28632,w
2024-05-04,Sheffield United FC,Nottingham Forest FC,1,3,FINISHED,2023,2.48986,1.93818,l,1.93818,2.48986,w
2024-05-04,Manchester City FC,Wolverhampton Wanderers FC,5,1,FINISHED,2023,4.52542,0.396887,w,0.396887,4.52542,l
2024-05-05,Brighton & Hove Albion FC,Aston Villa FC,1,0,FINISHED,2023,,,,0.0644055,2.63566,l
2024-05-05,Chelsea FC,West Ham United FC,5,0,FINISHED,2023,4.21838,0.893899,w,,,
2024-05-05,Liverpool FC,Tottenham Hotspur FC,4,2,FINISHED,2023,3.26222,1.17205,w,,,
2024-05-06,Crystal Palace FC,Manchester United FC,4,0,FINISHED,2023,2.0656,0.341417,w,0.341417,2.0656,l
2024-05-11,Fulham FC,Manchester City FC,0,4,FINISHED,2023,0.0886245,3.15218,l,3.15218,0.0886245,w
2024-05-11,AFC Bournemouth,Brentford FC,1,2,FINISHED,2023,1.07237,1.92722,l,1.92722,1.07237,w
2024-05-11,Everton FC,Sheffield United FC,1,0,FINISHED,2023,1.82411,0.465523,w,0.465523,1.82411,l
2024-05-11,Newcastle United FC,Brighton & Hove Albion FC,1,1,FINISHED,2023,2.45163,1.91556,d,,,
2024-05-11,Tottenham Hotspur FC,Burnley FC,2,1,FINISHED,2023,,,,0.950331,3.00238,l
2024-05-11,West Ham United FC,Luton Town FC,3,1,FINISHED,2023,,,,,,
2024-05-11,Wolverhampton Wanderers FC,Crystal Palace FC,1,3,FINISHED,2023,1.1561,2.51452,l,2.51452,1.1561,w
2024-05-11,Nottingham Forest FC,Chelsea FC,2,3,FINISHED,2023,2.44569,2.41068,l,2.41068,2.44569,w
2024-05-12,Manchester United FC,Arsenal FC,0,1,FINISHED,2023,0.551669,1.73104,l,1.73104,0.551669,w
2024-05-13,Aston Villa FC,Liverpool FC,3,3,FINISHED,2023,2.71655,1.89968,d,1.89968,2.71655,d
2024-05-14,Tottenham Hotspur FC,Manchester City FC,0,2,FINISHED,2023,,,,2.70331,1.84285,w
2024-05-15,Brighton & Hove Albion FC,Chelsea FC,1,2,FINISHED,2023,,,,1.544,1.32423,w
2024-05-15,Manchester United FC,Newcastle United FC,3,2,FINISHED,2023,1.49706,2.27657,w,2.27657,1.49706,l
2024-05-19,Arsenal FC,Everton FC,2,1,FINISHED,2023,3.2117,0.664904,w,0.664904,3.2117,l
2024-05-19,Brentford FC,Newcastle United FC,2,4,FINISHED,2023,1.70157,3.65044,l,3.65044,1.70157,w
2024-05-19,Brighton & Hove Albion FC,Manchester United FC,0,2,FINISHED,2023,,,,1.00404,1.9717,w
2024-05-19,Burnley FC,Nottingham Forest FC,1,2,FINISHED,2023,1.08222,1.57962,l,1.57962,1.08222,w
2024-05-19,Chelsea FC,AFC Bournemouth,2,1,FINISHED,2023,1.59771,2.002,w,2.002,1.59771,l
2024-05-19,Crystal Palace FC,Aston Villa FC,5,0,FINISHED,2023,2.23189,0.598846,w,0.598846,2.23189,l
2024-05-19,Liverpool FC,Wolverhampton Wanderers FC,2,0,FINISHED,2023,5.65937,0.731254,w,0.731254,5.65937,l
2024-05-19,Luton Town FC,Fulham FC,2,4,FINISHED,2023,,,,1.11598,2.06743,w
2024-05-19,Manchester City FC,West Ham United FC,3,1,FINISHED,2023,2.31504,0.240159,w,,,
2024-05-19,Sheffield United FC,Tottenham Hotspur FC,0,3,FINISHED,2023,0.697312,3.19675,l,,,
2024-08-16,Manchester United FC,Fulham FC,1,0,FINISHED,2024,2.04268,0.418711,w,0.418711,2.04268,l
2024-08-17,Ipswich Town FC,Liverpool FC,0,2,FINISHED,2024,,,,3.92906,0.342601,w
2024-08-17,Arsenal FC,Wolverhampton Wanderers FC,2,0,FINISHED,2024,1.6283,0.575835,w,0.575835,1.6283,l
2024-08-17,Everton FC,Brighton & Hove Albion FC,0,3,FINISHED,2024,0.405325,1.79083,l,,,
2024-08-17,Newcastle United FC,Southampton FC,1,0,FINISHED,2024,0.433489,1.95483,w,1.95483,0.433489,l
2024-08-17,Nottingham Forest FC,AFC Bournemouth,1,1,FINISHED,2024,1.24405,1.90915,d,1.90915,1.24405,d
2024-08-17,West Ham United FC,Aston Villa FC,1,2,FINISHED,2024,,,,2.6703,2.8047,w
2024-08-18,Brentford FC,Crystal Palace FC,2,1,FINISHED,2024,1.38064,1.14757,w,1.14757,1.38064,l
2024-08-18,Chelsea FC,Manchester City FC,0,2,FINISHED,2024,1.06123,1.18038,l,1.18038,1.06123,w
2024-08-19,Leicester City FC,Tottenham Hotspur FC,1,1,FINISHED,2024,,,,,,
2024-08-24,Brighton & Hove Albion FC,Manchester United FC,2,1,FINISHED,2024,,,,1.28556,2.14153,l
2024-08-24,Crystal Palace FC,West Ham United FC,0,2,FINISHED,2024,1.3761,1.53421,l,,,
2024-08-24,Fulham FC,Leicester City FC,2,1,FINISHED,2024,1.96218,0.857005,w,,,
2024-08-24,Manchester City FC,Ipswich Town FC,4,1,FINISHED,2024,3.07818,0.479999,w,,,
2024-08-24,Southampton FC,Nottingham Forest FC,0,1,FINISHED,2024,0.214952,2.86475,l,2.86475,0.214952,w
2024-08-24,Tottenham Hotspur FC,Everton FC,4,0,FINISHED,2024,,,,0.648869,2.61143,l
2024-08-24,Aston Villa FC,Arsenal FC,0,2,FINISHED,2024,1.31664,1.41399,l,1.41399,1.31664,w
2024-08-25,AFC Bournemouth,Newcastle United FC,1,1,FINISHED,2024,2.53513,1.89287,d,1.89287,2.53513,d
2024-08-25,Wolverhampton Wanderers FC,Chelsea FC,2,6,FINISHED,2024,2.4181,2.02935,l,2.02935,2.4181,w
2024-08-25,Liverpool FC,Brentford FC,2,0,FINISHED,2024,2.71877,0.457239,w,0.457239,2.71877,l
2024-08-31,Arsenal FC,Brighton & Hove Albion FC,1,1,FINISHED,2024,2.41798,1.81748,d,,,
2024-08-31,Brentford FC,Southampton FC,3,1,FINISHED,2024,3.86281,1.64713,w,1.64713,3.86281,l
2024-08-31,Everton FC,AFC Bournemouth,2,3,FINISHED,2024,2.55629,2.95688,l,2.95688,2.55629,w
2024-08-31,Ipswich Town FC,Fulham FC,1,1,FINISHED,2024,,,,1.18883,0.707048,d
2024-08-31,Leicester City FC,Aston Villa FC,1,2,FINISHED,2024,,,,2.16385,0.774741,w
2024-08-31,Nottingham Forest FC,Wolverhampton Wanderers FC,1,1,FINISHED,2024,1.41069,0.937632,d,0.937632,1.41069,d
2024-08-31,West Ham United FC,Manchester City FC,1,3,FINISHED,2024,,,,3.19297,0.947201,w
2024-09-01,Chelsea FC,Crystal Palace FC,1,1,FINISHED,2024,2.97743,0.459708,d,0.459708,2.97743,d
2024-09-01,Newcastle United FC,Tottenham Hotspur FC,2,1,FINISHED,2024,1.58694,1.63304,w,,,
2024-09-01,Manchester United FC,Liverpool FC,0,3,FINISHED,2024,1.50087,2.10397,l,2.10397,1.50087,w
2024-09-14,Southampton FC,Manchester United FC,0,3,FINISHED,2024,1.35593,3.02693,l,3.02693,1.35593,w
2024-09-14,Brighton & Hove Albion FC,Ipswich Town FC,0,0,FINISHED,2024,,,,,,
2024-09-14,Crystal Palace FC,Leicester City FC,2,2,FINISHED,2024,2.88716,1.65187,d,,,
2024-09-14,Fulham FC,West Ham United FC,1,1,FINISHED,2024,2.88601,0.682719,d,,,
2024-09-14,Liverpool FC,Nottingham Forest FC,0,1,FINISHED,2024,1.17044,0.589532,l,0.589532,1.17044,w
2024-09-14,Manchester City FC,Brentford FC,2,1,FINISHED,2024,1.55279,1.05094,w,1.05094,1.55279,l
2024-09-14,Aston Villa FC,Everton FC,3,2,FINISHED,2024,3.15876,0.852158,w,0.852158,3.15876,l
2024-09-14,AFC Bournemouth,Chelsea FC,0,1,FINISHED,2024,1.53731,0.932726,l,0.932726,1.53731,w
2024-09-15,Tottenham Hotspur FC,Arsenal FC,0,1,FINISHED,2024,,,,1.1209,0.792595,w
2024-09-15,Wolverhampton Wanderers FC,Newcastle United FC,1,2,FINISHED,2024,1.46969,1.48343,l,1.48343,1.46969,w
2024-09-21,West Ham United FC,Chelsea FC,0,3,FINISHED,2024,,,,2.39727,0.758267,w
2024-09-21,Aston Villa FC,Wolverhampton Wanderers FC,3,1,FINISHED,2024,2.37351,0.520117,w,0.520117,2.37351,l
2024-09-21,Fulham FC,Newcastle United FC,3,1,FINISHED,2024,3.21141,1.09768,w,1.09768,3.21141,l
2024-09-21,Leicester City FC,Everton FC,1,1,FINISHED,2024,,,,1.82377,1.33793,d
2024-09-21,Liverpool FC,AFC Bournemouth,3,0,FINISHED,2024,2.43731,1.46979,w,1.46979,2.43731,l
2024-09-21,Southampton FC,Ipswich Town FC,1,1,FINISHED,2024,2.89813,1.645,d,,,
2024-09-21,Tottenham Hotspur FC,Brentford FC,3,1,FINISHED,2024,,,,0.893565,3.89481,l
2024-09-21,Crystal Palace FC,Manchester United FC,0,0,FINISHED,2024,1.66928,2.35056,d,2.35056,1.66928,d
2024-09-22,Brighton & Hove Albion FC,Nottingham Forest FC,2,2,FINISHED,2024,,,,1.36923,1.56836,d
2024-09-22,Manchester City FC,Arsenal FC,2,2,FINISHED,2024,2.75588,1.28411,d,1.28411,2.75588,d
2024-09-28,Newcastle United FC,Manchester City FC,1,1,FINISHED,2024,1.34344,1.26516,d,1.26516,1.34344,d
2024-09-28,Arsenal FC,Leicester City FC,4,2,FINISHED,2024,6.05305,0.337909,w,,,
2024-09-28,Brentford FC,West Ham United FC,1,1,FINISHED,2024,0.370222,0.878617,d,,,
2024-09-28,Chelsea FC,Brighton & Hove Albion FC,4,2,FINISHED,2024,3.65839,1.20712,w,,,
2024-09-28,Everton FC,Crystal Palace FC,2,1,FINISHED,2024,1.10959,1.12358,w,1.12358,1.10959,l
2024-09-28,Nottingham Forest FC,Fulham FC,0,1,FINISHED,2024,0.614351,1.43592,l,1.43592,0.614351,w
2024-09-28,Wolverhampton Wanderers FC,Liverpool FC,1,2,FINISHED,2024,0.748925,2.11724,l,2.11724,0.748925,w
2024-09-29,Ipswich Town FC,Aston Villa FC,2,2,FINISHED,2024,,,,1.14494,1.84608,d
2024-09-29,Manchester United FC,Tottenham Hotspur FC,0,3,FINISHED,2024,0.600721,5.4072,l,,,
2024-09-30,AFC Bournemouth,Southampton FC,3,1,FINISHED,2024,1.44215,0.696068,w,0.696068,1.44215,l
2024-10-05,Crystal Palace FC,Liverpool FC,0,1,FINISHED,2024,0.609481,2.07332,l,2.07332,0.609481,w
2024-10-05,Arsenal FC,Southampton FC,3,1,FINISHED,2024,3.25165,1.27313,w,1.27313,3.25165,l
2024-10-05,Brentford FC,Wolverhampton Wanderers FC,5,3,FINISHED,2024,4.13513,0.696254,w,0.696254,4.13513,l
2024-10-05,Leicester City FC,AFC Bournemouth,1,0,FINISHED,2024,,,,1.94963,0.912063,l
2024-10-05,Manchester City FC,Fulham FC,3,2,FINISHED,2024,1.36684,2.75846,w,2.75846,1.36684,l
2024-10-05,West Ham United FC,Ipswich Town FC,4,1,FINISHED,2024,,,,,,
2024-10-05,Everton FC,Newcastle United FC,0,0,FINISHED,2024,0.692214,1.79048,d,1.79048,0.692214,d
2024-10-06,Aston Villa FC,Manchester United FC,0,0,FINISHED,2024,0.532809,0.448537,d,0.448537,0.532809,d
2024-10-06,Chelsea FC,Nottingham Forest FC,1,1,FINISHED,2024,2.27752,1.66654,d,1.66654,2.27752,d
2024-10-06,Brighton & Hove Albion FC,Tottenham Hotspur FC,3,2,FINISHED,2024,,,,,,
2024-10-19,Tottenham Hotspur FC,West Ham United FC,4,1,FINISHED,2024,,,,,,
2024-10-19,Fulham FC,Aston Villa FC,1,3,FINISHED,2024,2.63074,1.43595,l,1.43595,2.63074,w
2024-10-19,Ipswich Town FC,Everton FC,0,2,FINISHED,2024,,,,1.60804,1.174,w
2024-10-19,Manchester United FC,Brentford FC,2,1,FINISHED,2024,1.76555,0.892843,w,0.892843,1.76555,l
2024-10-19,Newcastle United FC,Brighton & Hove Albion FC,0,1,FINISHED,2024,1.93657,1.6779,l,,,
2024-10-19,Southampton FC,Leicester City FC,2,3,FINISHED,2024,2.42776,2.83826,l,,,
2024-10-19,AFC Bournemouth,Arsenal FC,2,0,FINISHED,2024,2.18419,0.740758,w,0.740758,2.18419,l
2024-10-20,Wolverhampton Wanderers FC,Manchester City FC,1,2,FINISHED,2024,0.761217,1.36569,l,1.36569,0.761217,w
2024-10-20,Liverpool FC,Chelsea FC,2,1,FINISHED,2024,2.22517,1.33904,w,1.33904,2.22517,l
2024-10-21,Nottingham Forest FC,Crystal Palace FC,1,0,FINISHED,2024,1.88573,0.835001,w,0.835001,1.88573,l
2024-10-25,Leicester City FC,Nottingham Forest FC,1,3,FINISHED,2024,,,,2.54488,0.832415,w
2024-10-26,Aston Villa FC,AFC Bournemouth,1,1,FINISHED,2024,1.974,0.328651,d,0.328651,1.974,d
2024-10-26,Brentford FC,Ipswich Town FC,4,3,FINISHED,2024,4.09663,1.65698,w,,,
2024-10-26,Brighton & Hove Albion FC,Wolverhampton Wanderers FC,2,2,FINISHED,2024,,,,1.11074,1.51347,d
2024-10-26,Manchester City FC,Southampton FC,1,0,FINISHED,2024,3.16286,0.369989,w,0.369989,3.16286,l
2024-10-26,Everton FC,Fulham FC,1,1,FINISHED,2024,0.884845,1.49531,d,1.49531,0.884845,d
2024-10-27,Chelsea FC,Newcastle United FC,2,1,FINISHED,2024,1.61794,1.74225,w,1.74225,1.61794,l
2024-10-27,Crystal Palace FC,Tottenham Hotspur FC,1,0,FINISHED,2024,0.978611,1.0192,w,,,
2024-10-27,West Ham United FC,Manchester United FC,2,1,FINISHED,2024,,,,2.62598,2.99312,l
2024-10-27,Arsenal FC,Liverpool FC,2,2,FINISHED,2024,1.0883,1.35346,d,1.35346,1.0883,d
2024-11-02,Newcastle United FC,Arsenal FC,1,0,FINISHED,2024,0.859715,0.911305,w,0.911305,0.859715,l
2024-11-02,AFC Bournemouth,Manchester City FC,2,1,FINISHED,2024,2.4493,2.3527,w,2.3527,2.4493,l
2024-11-02,Ipswich Town FC,Leicester City FC,1,1,FINISHED,2024,,,,,,
2024-11-02,Liverpool FC,Brighton & Hove Albion FC,2,1,FINISHED,2024,1.81037,1.01568,w,,,
2024-11-02,Nottingham Forest FC,West Ham United FC,3,0,FINISHED,2024,2.35011,0.132317,w,,,
2024-11-02,Southampton FC,Everton FC,1,0,FINISHED,2024,0.540345,1.78581,w,1.78581,0.540345,l
2024-11-02,Wolverhampton Wanderers FC,Crystal Palace FC,2,2,FINISHED,2024,1.65018,2.64849,d,2.64849,1.65018,d
2024-11-03,Tottenham Hotspur FC,Aston Villa FC,4,1,FINISHED,2024,,,,2.48749,2.09751,l
2024-11-03,Manchester United FC,Chelsea FC,1,1,FINISHED,2024,2.1605,1.21071,d,1.21071,2.1605,d
2024-11-04,Fulham FC,Brentford FC,2,1,FINISHED,2024,1.43017,0.739231,w,0.739231,1.43017,l
2024-11-09,Brentford FC,AFC Bournemouth,3,2,FINISHED,2024,1.56474,2.49234,w,2.49234,1.56474,l
2024-11-09,Crystal Palace FC,Fulham FC,0,2,FINISHED,2024,1.96037,2.25331,l,2.25331,1.96037,w
2024-11-09,West Ham United FC,Everton FC,0,0,FINISHED,2024,,,,0.865983,1.1237,d
2024-11-09,Wolverhampton Wanderers FC,Southampton FC,2,0,FINISHED,2024,0.912781,0.792655,w,0.792655,0.912781,l
2024-11-09,Brighton & Hove Albion FC,Manchester City FC,2,1,FINISHED,2024,,,,2.60334,2.87116,l
2024-11-09,Liverpool FC,Aston Villa FC,2,0,FINISHED,2024,2.68196,1.66337,w,1.66337,2.68196,l
2024-11-10,Manchester United FC,Leicester City FC,3,0,FINISHED,2024,1.2369,0.417295,w,,,
2024-11-10,Nottingham Forest FC,Newcastle United FC,1,3,FINISHED,2024,1.17852,1.86904,l,1.86904,1.17852,w
2024-11-10,Tottenham Hotspur FC,Ipswich Town FC,1,2,FINISHED,2024,,,,,,
2024-11-10,Chelsea FC,Arsenal FC,1,1,FINISHED,2024,1.24067,1.9605,d,1.9605,1.24067,d
2024-11-23,Leicester City FC,Chelsea FC,1,2,FINISHED,2024,,,,2.81658,0.967987,w
2024-11-23,AFC Bournemouth,Brighton & Hove Albion FC,1,2,FINISHED,2024,1.91157,1.23059,l,,,
2024-11-23,Arsenal FC,Nottingham Forest FC,3,0,FINISHED,2024,1.66016,0.403136,w,0.403136,1.66016,l
2024-11-23,Aston Villa FC,Crystal Palace FC,2,2,FINISHED,2024,3.04455,1.61437,d,1.61437,3.04455,d
2024-11-23,Everton FC,Brentford FC,0,0,FINISHED,2024,1.5951,1.34314,d,1.34314,1.5951,d
2024-11-23,Fulham FC,Wolverhampton Wanderers FC,1,4,FINISHED,2024,0.717158,1.33903,l,1.33903,0.717158,w
2024-11-23,Manchester City FC,Tottenham Hotspur FC,0,4,FINISHED,2024,2.15899,3.30449,l,,,
2024-11-24,Southampton FC,Liverpool FC,2,3,FINISHED,2024,1.53985,3.18835,l,3.18835,1.53985,w
2024-11-24,Ipswich Town FC,Manchester United FC,1,1,FINISHED,2024,,,,1.26912,1.98714,d
2024-11-25,Newcastle United FC,West Ham United FC,0,2,FINISHED,2024,1.49781,0.942824,l,,,
2024-11-29,Brighton & Hove Albion FC,Southampton FC,1,1,FINISHED,2024,,,,0.934969,1.86986,d
2024-11-30,Brentford FC,Leicester City FC,4,1,FINISHED,2024,2.21885,0.907555,w,,,
2024-11-30,Crystal Palace FC,Newcastle United FC,1,1,FINISHED,2024,2.29595,0.020989,d,0.020989,2.29595,d
2024-11-30,Nottingham Forest FC,Ipswich Town FC,1,0,FINISHED,2024,1.76587,0.462771,w,,,
2024-11-30,Wolverhampton Wanderers FC,AFC Bournemouth,2,4,FINISHED,2024,0.866034,3.07901,l,3.07901,0.866034,w
2024-11-30,West Ham United FC,Arsenal FC,2,5,FINISHED,2024,,,,3.99935,1.23539,w
2024-12-01,Chelsea FC,Aston Villa FC,3,0,FINISHED,2024,1.94939,0.875443,w,0.875443,1.94939,l
2024-12-01,Manchester United FC,Everton FC,4,0,FINISHED,2024,1.76161,0.766749,w,0.766749,1.76161,l
2024-12-01,Tottenham Hotspur FC,Fulham FC,1,1,FINISHED,2024,,,,1.57274,1.01086,d
2024-12-01,Liverpool FC,Manchester City FC,2,0,FINISHED,2024,3.70054,0.745015,w,0.745015,3.70054,l
2024-12-03,Ipswich Town FC,Crystal Palace FC,0,1,FINISHED,2024,,,,1.65422,0.471708,w
2024-12-03,Leicester City FC,West Ham United FC,3,1,FINISHED,2024,,,,,,
2024-12-04,Everton FC,Wolverhampton Wanderers FC,4,0,FINISHED,2024,1.49904,0.847724,w,0.847724,1.49904,l
2024-12-04,Manchester City FC,Nottingham Forest FC,3,0,FINISHED,2024,3.20169,0.802155,w,0.802155,3.20169,l
2024-12-04,Newcastle United FC,Liverpool FC,3,3,FINISHED,2024,1.52057,2.22766,d,2.22766,1.52057,d
2024-12-04,Southampton FC,Chelsea FC,1,5,FINISHED,2024,1.91014,5.8331,l,5.8331,1.91014,w
2024-12-04,Arsenal FC,Manchester United FC,2,0,FINISHED,2024,2.96684,0.256083,w,0.256083,2.96684,l
2024-12-04,Aston Villa FC,Brentford FC,3,1,FINISHED,2024,3.21673,1.13266,w,1.13266,3.21673,l
2024-12-05,Fulham FC,Brighton & Hove Albion FC,3,1,FINISHED,2024,0.666644,1.09939,w,,,
2024-12-05,AFC Bournemouth,Tottenham Hotspur FC,1,0,FINISHED,2024,3.27716,0.623934,w,,,
2024-12-07,Aston Villa FC,Southampton FC,1,0,FINISHED,2024,2.51338,0.385832,w,0.385832,2.51338,l
2024-12-07,Brentford FC,Newcastle United FC,4,2,FINISHED,2024,1.746,1.95645,w,1.95645,1.746,l
2024-12-07,Crystal Palace FC,Manchester City FC,2,2,FINISHED,2024,1.21476,1.5846,d,1.5846,1.21476,d
2024-12-07,Manchester United FC,Nottingham Forest FC,2,3,FINISHED,2024,1.4697,0.651217,l,0.651217,1.4697,w
2024-12-08,Fulham FC,Arsenal FC,1,1,FINISHED,2024,0.150988,2.4333,d,2.4333,0.150988,d
2024-12-08,Ipswich Town FC,AFC Bournemouth,1,2,FINISHED,2024,,,,3.49127,1.5668,w
2024-12-08,Leicester City FC,Brighton & Hove Albion FC,2,2,FINISHED,2024,,,,,,
2024-12-08,Tottenham Hotspur FC,Chelsea FC,3,4,FINISHED,2024,,,,2.57326,3.25488,w
2024-12-09,West Ham United FC,Wolverhampton Wanderers FC,2,1,FINISHED,2024,,,,1.47567,1.19808,l
2024-12-14,Arsenal FC,Everton FC,0,0,FINISHED,2024,1.30865,0.132166,d,0.132166,1.30865,d
2024-12-14,Liverpool FC,Fulham FC,2,2,FINISHED,2024,2.09698,1.2862,d,1.2862,2.09698,d
2024-12-14,Newcastle United FC,Leicester City FC,4,0,FINISHED,2024,3.95461,0.186759,w,,,
2024-12-14,Wolverhampton Wanderers FC,Ipswich Town FC,1,2,FINISHED,2024,1.23748,1.73349,l,,,
2024-12-14,Nottingham Forest FC,Aston Villa FC,2,1,FINISHED,2024,2.2861,0.389423,w,0.389423,2.2861,l
2024-12-15,Brighton & Hove Albion FC,Crystal Palace FC,1,3,FINISHED,2024,,,,3.00618,1.32323,w
2024-12-15,Manchester City FC,Manchester United FC,1,2,FINISHED,2024,0.638103,2.04662,l,2.04662,0.638103,w
2024-12-15,Chelsea FC,Brentford FC,2,1,FINISHED,2024,2.59146,1.65861,w,1.65861,2.59146,l
2024-12-15,Southampton FC,Tottenham Hotspur FC,0,5,FINISHED,2024,1.27356,3.89322,l,,,
2024-12-16,AFC Bournemouth,West Ham United FC,1,1,FINISHED,2024,2.04842,1.81827,d,,,
2024-12-21,Aston Villa FC,Manchester City FC,2,1,FINISHED,2024,2.05988,1.09627,w,1.09627,2.05988,l
2024-12-21,Brentford FC,Nottingham Forest FC,0,2,FINISHED,2024,0.769004,0.964897,l,0.964897,0.769004,w
2024-12-21,Ipswich Town FC,Newcastle United FC,0,4,FINISHED,2024,,,,3.23386,1.06427,w
2024-12-21,West Ham United FC,Brighton & Hove Albion FC,1,1,FINISHED,2024,,,,,,
2024-12-21,Crystal Palace FC,Arsenal FC,1,5,FINISHED,2024,1.6052,3.05434,l,3.05434,1.6052,w
2024-12-22,Everton FC,Chelsea FC,0,0,FINISHED,2024,1.07081,1.51591,d,1.51591,1.07081,d
2024-12-22,Fulham FC,Southampton FC,0,0,FINISHED,2024,1.25255,0.280031,d,0.280031,1.25255,d
2024-12-22,Leicester City FC,Wolverhampton Wanderers FC,0,3,FINISHED,2024,,,,1.13531,0.78868,w
2024-12-22,Manchester United FC,AFC Bournemouth,0,3,FINISHED,2024,2.28533,1.82831,l,1.82831,2.28533,w
2024-12-22,Tottenham Hotspur FC,Liverpool FC,3,6,FINISHED,2024,,,,5.20214,1.20245,w
2024-12-26,Manchester City FC,Everton FC,1,1,FINISHED,2024,2.51965,0.653289,d,0.653289,2.51965,d
2024-12-26,AFC Bournemouth,Crystal Palace FC,0,0,FINISHED,2024,1.20189,0.500066,d,0.500066,1.20189,d
2024-12-26,Chelsea FC,Fulham FC,1,2,FINISHED,2024,1.55626,1.77929,l,1.77929,1.55626,w
2024-12-26,Newcastle United FC,Aston Villa FC,3,0,FINISHED,2024,2.82867,0.225522,w,0.225522,2.82867,l
2024-12-26,Nottingham Forest FC,Tottenham Hotspur FC,1,0,FINISHED,2024,1.30018,1.05758,w,,,
2024-12-26,Southampton FC,West Ham United FC,0,1,FINISHED,2024,2.19833,1.90111,l,,,
2024-12-26,Wolverhampton Wanderers FC,Manchester United FC,2,0,FINISHED,2024,0.826489,0.358876,w,0.358876,0.826489,l
2024-12-26,Liverpool FC,Leicester City FC,3,1,FINISHED,2024,1.89935,0.22097,w,,,
2024-12-27,Brighton & Hove Albion FC,Brentford FC,0,0,FINISHED,2024,,,,0.961233,1.33538,d
2024-12-27,Arsenal FC,Ipswich Town FC,1,0,FINISHED,2024,2.16462,0.0783327,w,,,
2024-12-29,Leicester City FC,Manchester City FC,0,2,FINISHED,2024,,,,1.58002,1.84208,w
2024-12-29,Crystal Palace FC,Southampton FC,2,1,FINISHED,2024,3.05417,1.21853,w,1.21853,3.05417,l
2024-12-29,Everton FC,Nottingham Forest FC,0,2,FINISHED,2024,0.615191,2.02753,l,2.02753,0.615191,w
2024-12-29,Fulham FC,AFC Bournemouth,2,2,FINISHED,2024,0.961566,1.70692,d,1.70692,0.961566,d
2024-12-29,Tottenham Hotspur FC,Wolverhampton Wanderers FC,2,2,FINISHED,2024,,,,0.640697,2.28433,d
2024-12-29,West Ham United FC,Liverpool FC,0,5,FINISHED,2024,,,,3.29868,0.518279,w
2024-12-30,Aston Villa FC,Brighton & Hove Albion FC,2,2,FINISHED,2024,1.87997,0.938042,d,,,
2024-12-30,Ipswich Town FC,Chelsea FC,2,0,FINISHED,2024,,,,1.60622,1.50093,l
2024-12-30,Manchester United FC,Newcastle United FC,0,2,FINISHED,2024,1.00073,2.2424,l,2.2424,1.00073,w
2025-01-01,Brentford FC,Arsenal FC,1,3,FINISHED,2024,0.272604,1.99848,l,1.99848,0.272604,w
2025-01-04,Tottenham Hotspur FC,Newcastle United FC,1,2,FINISHED,2024,,,,2.42963,1.00333,w
2025-01-04,Southampton FC,Brentford FC,0,5,FINISHED,2024,0.249614,5.54874,l,5.54874,0.249614,w
2025-01-04,Crystal Palace FC,Chelsea FC,1,1,FINISHED,2024,1.2766,1.51541,d,1.51541,1.2766,d
2025-01-04,AFC Bournemouth,Everton FC,1,0,FINISHED,2024,2.61852,0.561015,w,0.561015,2.61852,l
2025-01-04,Aston Villa FC,Leicester City FC,2,1,FINISHED,2024,2.3456,0.81548,w,,,
2025-01-04,Manchester City FC,West Ham United FC,4,1,FINISHED,2024,1.97986,1.53286,w,,,
2025-01-04,Brighton & Hove Albion FC,Arsenal FC,1,1,FINISHED,2024,,,,1.81142,1.76513,d
2025-01-05,Fulham FC,Ipswich Town FC,2,2,FINISHED,2024,2.65469,1.4434,d,,,
2025-01-05,Liverpool FC,Manchester United FC,2,2,FINISHED,2024,2.862,1.67469,d,1.67469,2.862,d
2025-01-06,Wolverhampton Wanderers FC,Nottingham Forest FC,0,3,FINISHED,2024,1.90463,2.57227,l,2.57227,1.90463,w
2025-01-14,West Ham United FC,Fulham FC,3,2,FINISHED,2024,,,,2.83581,0.937322,l
2025-01-14,Brentford FC,Manchester City FC,2,2,FINISHED,2024,2.39088,2.65315,d,2.65315,2.39088,d
2025-01-14,Chelsea FC,AFC Bournemouth,2,2,FINISHED,2024,2.53808,1.14845,d,1.14845,2.53808,d
2025-01-14,Nottingham Forest FC,Liverpool FC,1,1,FINISHED,2024,0.5292,2.72291,d,2.72291,0.5292,d
2025-01-15,Everton FC,Aston Villa FC,0,1,FINISHED,2024,1.23126,1.28522,l,1.28522,1.23126,w
2025-01-15,Leicester City FC,Crystal Palace FC,0,2,FINISHED,2024,,,,2.2647,2.09904,w
2025-01-15,Newcastle United FC,Wolverhampton Wanderers FC,3,0,FINISHED,2024,2.13327,1.47433,w,1.47433,2.13327,l
2025-01-15,Arsenal FC,Tottenham Hotspur FC,2,1,FINISHED,2024,2.25501,0.777071,w,,,
2025-01-16,Ipswich Town FC,Brighton & Hove Albion FC,0,2,FINISHED,2024,,,,,,
2025-01-16,Manchester United FC,Southampton FC,3,1,FINISHED,2024,3.10847,1.36705,w,1.36705,3.10847,l
2025-01-18,Newcastle United FC,AFC Bournemouth,1,4,FINISHED,2024,0.837801,2.70174,l,2.70174,0.837801,w
2025-01-18,West Ham United FC,Crystal Palace FC,0,2,FINISHED,2024,,,,1.62561,0.221062,w
2025-01-18,Leicester City FC,Fulham FC,0,2,FINISHED,2024,,,,2.36823,0.676934,w
2025-01-18,Brentford FC,Liverpool FC,0,2,FINISHED,2024,1.20021,4.16249,l,4.16249,1.20021,w
2025-01-18,Arsenal FC,Aston Villa FC,2,2,FINISHED,2024,1.64458,1.20602,d,1.20602,1.64458,d
2025-01-19,Manchester United FC,Brighton & Hove Albion FC,1,3,FINISHED,2024,1.31823,2.17172,l,,,
2025-01-19,Nottingham Forest FC,Southampton FC,3,2,FINISHED,2024,2.36419,1.25922,w,1.25922,2.36419,l
2025-01-19,Everton FC,Tottenham Hotspur FC,3,2,FINISHED,2024,2.56089,1.35719,w,,,
2025-01-19,Ipswich Town FC,Manchester City FC,0,6,FINISHED,2024,,,,3.20228,0.795637,w
2025-01-20,Chelsea FC,Wolverhampton Wanderers FC,3,1,FINISHED,2024,3.14882,1.06726,w,1.06726,3.14882,l
2025-01-25,Liverpool FC,Ipswich Town FC,4,1,FINISHED,2024,2.16809,0.804707,w,,,
2025-01-25,Wolverhampton Wanderers FC,Arsenal FC,0,1,FINISHED,2024,0.514724,0.887358,l,0.887358,0.514724,w
2025-01-25,Brighton & Hove Albion FC,Everton FC,0,1,FINISHED,2024,,,,0.870883,0.64378,w
2025-01-25,Southampton FC,Newcastle United FC,1,3,FINISHED,2024,0.825621,3.08319,l,3.08319,0.825621,w
2025-01-25,AFC Bournemouth,Nottingham Forest FC,5,0,FINISHED,2024,2.8254,0.996166,w,0.996166,2.8254,l
2025-01-25,Manchester City FC,Chelsea FC,3,1,FINISHED,2024,2.23213,1.49843,w,1.49843,2.23213,l
2025-01-26,Crystal Palace FC,Brentford FC,1,2,FINISHED,2024,1.23177,1.92037,l,1.92037,1.23177,w
2025-01-26,Tottenham Hotspur FC,Leicester City FC,1,2,FINISHED,2024,,,,,,
2025-01-26,Aston Villa FC,West Ham United FC,1,1,FINISHED,2024,0.907851,1.67886,d,,,
2025-01-26,Fulham FC,Manchester United FC,0,1,FINISHED,2024,0.560571,0.201988,l,0.201988,0.560571,w
2025-02-01,Nottingham Forest FC,Brighton & Hove Albion FC,7,0,FINISHED,2024,4.0677,0.756296,w,,,
2025-02-01,Newcastle United FC,Fulham FC,1,2,FINISHED,2024,1.22716,1.60881,l,1.60881,1.22716,w
2025-02-01,Everton FC,Leicester City FC,4,0,FINISHED,2024,3.11261,0.447136,w,,,
2025-02-01,AFC Bournemouth,Liverpool FC,0,2,FINISHED,2024,1.65273,2.7219,l,2.7219,1.65273,w
2025-02-01,Ipswich Town FC,Southampton FC,1,2,FINISHED,2024,,,,1.17566,1.94845,w
2025-02-01,Wolverhampton Wanderers FC,Aston Villa FC,2,0,FINISHED,2024,2.00146,0.742809,w,0.742809,2.00146,l
2025-02-02,Manchester United FC,Crystal Palace FC,0,2,FINISHED,2024,1.50706,2.44633,l,2.44633,1.50706,w
2025-02-02,Brentford FC,Tottenham Hotspur FC,0,2,FINISHED,2024,1.66475,0.945355,l,,,
2025-02-02,Arsenal FC,Manchester City FC,5,1,FINISHED,2024,1.53202,0.743191,w,0.743191,1.53202,l
2025-02-03,Chelsea FC,West Ham United FC,2,1,FINISHED,2024,1.39066,1.1868,w,,,
2025-02-12,Everton FC,Liverpool FC,2,2,FINISHED,2024,0.910523,0.929103,d,0.929103,0.910523,d
2025-02-14,Brighton & Hove Albion FC,Chelsea FC,3,0,FINISHED,2024,,,,0.649788,2.06892,l
2025-02-15,Leicester City FC,Arsenal FC,0,2,FINISHED,2024,,,,1.75,0.233209,w
2025-02-15,Southampton FC,AFC Bournemouth,1,3,FINISHED,2024,0.974418,2.08722,l,2.08722,0.974418,w
2025-02-15,West Ham United FC,Brentford FC,0,1,FINISHED,2024,,,,1.96499,0.673466,w
2025-02-15,Aston Villa FC,Ipswich Town FC,1,1,FINISHED,2024,2.89841,0.332864,d,,,
2025-02-15,Manchester City FC,Newcastle United FC,4,0,FINISHED,2024,2.12004,0.157211,w,0.157211,2.12004,l
2025-02-15,Fulham FC,Nottingham Forest FC,2,1,FINISHED,2024,2.20993,0.331301,w,0.331301,2.20993,l
2025-02-15,Crystal Palace FC,Everton FC,1,2,FINISHED,2024,2.30646,1.01565,l,1.01565,2.30646,w
2025-02-16,Liverpool FC,Wolverhampton Wanderers FC,2,1,FINISHED,2024,1.86758,1.05329,w,1.05329,1.86758,l
2025-02-16,Tottenham Hotspur FC,Manchester United FC,1,0,FINISHED,2024,,,,1.42652,1.97109,l
2025-02-19,Aston Villa FC,Liverpool FC,2,2,FINISHED,2024,1.02269,2.04279,d,2.04279,1.02269,d
2025-02-21,Leicester City FC,Brentford FC,0,4,FINISHED,2024,,,,2.03465,0.727901,w
2025-02-22,Everton FC,Manchester United FC,2,2,FINISHED,2024,2.10444,0.645685,d,0.645685,2.10444,d
2025-02-22,Ipswich Town FC,Tottenham Hotspur FC,1,4,FINISHED,2024,,,,,,
2025-02-22,Fulham FC,Crystal Palace FC,0,2,FINISHED,2024,0.23426,1.46203,l,1.46203,0.23426,w
2025-02-22,Arsenal FC,West Ham United FC,0,1,FINISHED,2024,1.37264,1.02684,l,,,
2025-02-22,AFC Bournemouth,Wolverhampton Wanderers FC,0,1,FINISHED,2024,0.629691,2.10124,l,2.10124,0.629691,w
2025-02-22,Southampton FC,Brighton & Hove Albion FC,0,4,FINISHED,2024,0.154147,5.12018,l,,,
2025-02-22,Aston Villa FC,Chelsea FC,2,1,FINISHED,2024,2.69413,2.17418,w,2.17418,2.69413,l
2025-02-23,Newcastle United FC,Nottingham Forest FC,4,3,FINISHED,2024,3.45858,2.38603,w,2.38603,3.45858,l
2025-02-23,Manchester City FC,Liverpool FC,0,2,FINISHED,2024,0.58248,0.807058,l,0.807058,0.58248,w
2025-02-25,Brighton & Hove Albion FC,AFC Bournemouth,2,1,FINISHED,2024,,,,1.70169,2.57927,l
2025-02-25,Crystal Palace FC,Aston Villa FC,4,1,FINISHED,2024,4.02522,0.667217,w,0.667217,4.02522,l
2025-02-25,Wolverhampton Wanderers FC,Fulham FC,1,2,FINISHED,2024,0.928973,1.43473,l,1.43473,0.928973,w
2025-02-25,Chelsea FC,Southampton FC,4,0,FINISHED,2024,2.98234,0.845039,w,0.845039,2.98234,l
2025-02-26,Nottingham Forest FC,Arsenal FC,0,0,FINISHED,2024,0.508611,1.31766,d,1.31766,0.508611,d
2025-02-26,Brentford FC,Everton FC,1,1,FINISHED,2024,1.34009,1.44955,d,1.44955,1.34009,d
2025-02-26,Tottenham Hotspur FC,Manchester City FC,0,1,FINISHED,2024,,,,2.38641,1.28426,w
2025-02-26,Manchester United FC,Ipswich Town FC,3,2,FINISHED,2024,1.40202,1.04498,w,,,
2025-02-26,Liverpool FC,Newcastle United FC,2,0,FINISHED,2024,1.40027,0.45882,w,0.45882,1.40027,l
2025-02-27,West Ham United FC,Leicester City FC,2,0,FINISHED,2024,,,,,,
2025-03-08,Nottingham Forest FC,Manchester City FC,1,0,FINISHED,2024,0.501476,0.721234,w,0.721234,0.501476,l
2025-03-08,Brighton & Hove Albion FC,Fulham FC,2,1,FINISHED,2024,,,,0.708227,1.94417,l
2025-03-08,Crystal Palace FC,Ipswich Town FC,1,0,FINISHED,2024,3.13879,1.63282,w,,,
2025-03-08,Liverpool FC,Southampton FC,3,1,FINISHED,2024,4.98996,0.511566,w,0.511566,4.98996,l
2025-03-08,Brentford FC,Aston Villa FC,0,1,FINISHED,2024,0.637743,1.29638,l,1.29638,0.637743,w
2025-03-08,Wolverhampton Wanderers FC,Everton FC,1,1,FINISHED,2024,0.812432,1.3672,d,1.3672,0.812432,d
2025-03-09,Tottenham Hotspur FC,AFC Bournemouth,2,2,FINISHED,2024,,,,2.22536,1.35053,d
2025-03-09,Chelsea FC,Leicester City FC,1,0,FINISHED,2024,1.76844,0.108487,w,,,
2025-03-09,Manchester United FC,Arsenal FC,1,1,FINISHED,2024,1.31107,1.82996,d,1.82996,1.31107,d
2025-03-10,West Ham United FC,Newcastle United FC,0,1,FINISHED,2024,,,,1.62976,0.823986,w
2025-03-15,Everton FC,West Ham United FC,1,1,FINISHED,2024,1.189,0.516029,d,,,
2025-03-15,Ipswich Town FC,Nottingham Forest FC,2,4,FINISHED,2024,,,,1.30722,0.520839,w
2025-03-15,Manchester City FC,Brighton & Hove Albion FC,2,2,FINISHED,2024,2.02642,2.11119,d,,,
2025-03-15,Southampton FC,Wolverhampton Wanderers FC,1,2,FINISHED,2024,1.2821,0.540718,l,0.540718,1.2821,w
2025-03-15,AFC Bournemouth,Brentford FC,1,2,FINISHED,2024,2.02714,1.60321,l,1.60321,2.02714,w
2025-03-16,Arsenal FC,Chelsea FC,1,0,FINISHED,2024,0.695725,0.286036,w,0.286036,0.695725,l
2025-03-16,Fulham FC,Tottenham Hotspur FC,2,0,FINISHED,2024,1.03966,1.40865,w,,,
2025-03-16,Leicester City FC,Manchester United FC,0,3,FINISHED,2024,,,,1.13892,1.30455,w
2025-04-01,Arsenal FC,Fulham FC,2,1,FINISHED,2024,2.30189,1.44206,w,1.44206,2.30189,l
2025-04-01,Wolverhampton Wanderers FC,West Ham United FC,1,0,FINISHED,2024,1.10359,1.73057,w,,,
2025-04-01,Nottingham Forest FC,Manchester United FC,1,0,FINISHED,2024,0.512063,1.86688,w,1.86688,0.512063,l
2025-04-02,AFC Bournemouth,Ipswich Town FC,1,2,FINISHED,2024,1.99637,1.41263,l,,,
2025-04-02,Brighton & Hove Albion FC,Aston Villa FC,0,3,FINISHED,2024,,,,1.20715,0.558009,w
2025-04-02,Manchester City FC,Leicester City FC,2,0,FINISHED,2024,2.07165,0.104741,w,,,
2025-04-02,Newcastle United FC,Brentford FC,2,1,FINISHED,2024,2.26584,1.53201,w,1.53201,2.26584,l
2025-04-02,Southampton FC,Crystal Palace FC,1,1,FINISHED,2024,0.687304,0.93776,d,0.93776,0.687304,d
2025-04-02,Liverpool FC,Everton FC,1,0,FINISHED,2024,1.29718,0.823136,w,0.823136,1.29718,l
2025-04-03,Chelsea FC,Tottenham Hotspur FC,1,0,FINISHED,2024,1.30443,1.40274,w,,,
2025-04-05,Everton FC,Arsenal FC,1,1,FINISHED,2024,1.22875,1.4031,d,1.4031,1.22875,d
2025-04-05,Crystal Palace FC,Brighton & Hove Albion FC,2,1,FINISHED,2024,0.443965,1.27226,w,,,
2025-04-05,Ipswich Town FC,Wolverhampton Wanderers FC,1,2,FINISHED,2024,,,,2.8096,0.872356,w
2025-04-05,West Ham United FC,AFC Bournemouth,2,2,FINISHED,2024,,,,1.94869,0.907832,d
2025-04-05,Aston Villa FC,Nottingham Forest FC,2,1,FINISHED,2024,2.63349,0.96769,w,0.96769,2.63349,l
2025-04-06,Brentford FC,Chelsea FC,0,0,FINISHED,2024,1.36123,1.47829,d,1.47829,1.36123,d
2025-04-06,Fulham FC,Liverpool FC,3,2,FINISHED,2024,1.72764,1.40638,w,1.40638,1.72764,l
2025-04-06,Tottenham Hotspur FC,Southampton FC,3,1,FINISHED,2024,,,,0.780439,2.648,l
2025-04-06,Manchester United FC,Manchester City FC,0,0,FINISHED,2024,1.23317,0.687894,d,0.687894,1.23317,d
2025-04-07,Leicester City FC,Newcastle United FC,0,3,FINISHED,2024,,,,3.44111,0.354575,w
2025-04-12,Manchester City FC,Crystal Palace FC,5,2,FINISHED,2024,4.59724,1.33808,w,1.33808,4.59724,l
2025-04-12,Brighton & Hove Albion FC,Leicester City FC,2,2,FINISHED,2024,,,,,,
2025-04-12,Nottingham Forest FC,Everton FC,0,1,FINISHED,2024,0.423949,1.26036,l,1.26036,0.423949,w
2025-04-12,Southampton FC,Aston Villa FC,0,3,FINISHED,2024,0.412256,2.99927,l,2.99927,0.412256,w
2025-04-12,Arsenal FC,Brentford FC,1,1,FINISHED,2024,0.767369,0.588583,d,0.588583,0.767369,d
2025-04-13,Chelsea FC,Ipswich Town FC,2,2,FINISHED,2024,2.90758,1.60301,d,,,
2025-04-13,Liverpool FC,West Ham United FC,2,1,FINISHED,2024,1.42902,1.46598,w,,,
2025-04-13,Wolverhampton Wanderers FC,Tottenham Hotspur FC,4,2,FINISHED,2024,2.22977,1.62887,w,,,
2025-04-13,Newcastle United FC,Manchester United FC,4,1,FINISHED,2024,2.6383,0.786568,w,0.786568,2.6383,l
2025-04-14,AFC Bournemouth,Fulham FC,1,0,FINISHED,2024,1.8577,1.07203,w,1.07203,1.8577,l
2025-04-16,Newcastle United FC,Crystal Palace FC,5,0,FINISHED,2024,2.32947,2.37548,w,2.37548,2.32947,l
2025-04-19,Brentford FC,Brighton & Hove Albion FC,4,2,FINISHED,2024,2.95516,1.24107,w,,,
2025-04-19,Crystal Palace FC,AFC Bournemouth,0,0,FINISHED,2024,0.337818,0.664093,d,0.664093,0.337818,d
2025-04-19,Everton FC,Manchester City FC,0,2,FINISHED,2024,0.81683,1.87989,l,1.87989,0.81683,w
2025-04-19,West Ham United FC,Southampton FC,1,1,FINISHED,2024,,,,0.922877,0.98423,d
2025-04-19,Aston Villa FC,Newcastle United FC,4,1,FINISHED,2024,3.05371,1.27176,w,1.27176,3.05371,l
2025-04-20,Fulham FC,Chelsea FC,1,2,FINISHED,2024,0.306122,0.75172,l,0.75172,0.306122,w
2025-04-20,Ipswich Town FC,Arsenal FC,0,4,FINISHED,2024,,,,2.81362,0.192879,w
2025-04-20,Manchester United FC,Wolverhampton Wanderers FC,0,1,FINISHED,2024,1.13966,0.187814,l,0.187814,1.13966,w
2025-04-20,Leicester City FC,Liverpool FC,0,1,FINISHED,2024,,,,4.52706,0.232205,w
2025-04-21,Tottenham Hotspur FC,Nottingham Forest FC,1,2,FINISHED,2024,,,,0.557682,2.4024,w
2025-04-22,Manchester City FC,Aston Villa FC,2,1,FINISHED,2024,1.36232,1.85906,w,1.85906,1.36232,l
2025-04-23,Arsenal FC,Crystal Palace FC,2,2,FINISHED,2024,1.92149,2.50515,d,2.50515,1.92149,d
2025-04-26,Chelsea FC,Everton FC,1,0,FINISHED,2024,0.768313,0.916838,w,0.916838,0.768313,l
2025-04-26,Brighton & Hove Albion FC,West Ham United FC,3,2,FINISHED,2024,,,,,,
2025-04-26,Newcastle United FC,Ipswich Town FC,3,0,FINISHED,2024,4.11539,0.127203,w,,,
2025-04-26,Southampton FC,Fulham FC,1,2,FINISHED,2024,0.935581,1.9956,l,1.9956,0.935581,w
2025-04-26,Wolverhampton Wanderers FC,Leicester City FC,3,0,FINISHED,2024,2.57666,1.04978,w,,,
2025-04-27,AFC Bournemouth,Manchester United FC,1,1,FINISHED,2024,0.60995,1.91039,d,1.91039,0.60995,d
2025-04-27,Liverpool FC,Tottenham Hotspur FC,5,1,FINISHED,2024,2.51104,0.512812,w,,,
2025-05-01,Nottingham Forest FC,Brentford FC,0,2,FINISHED,2024,0.670607,1.52054,l,1.52054,0.670607,w
2025-05-02,Manchester City FC,Wolverhampton Wanderers FC,1,0,FINISHED,2024,0.859463,0.622455,w,0.622455,0.859463,l
2025-05-03,Aston Villa FC,Fulham FC,1,0,FINISHED,2024,1.29013,0.702787,w,0.702787,1.29013,l
2025-05-03,Everton FC,Ipswich Town FC,2,2,FINISHED,2024,0.808481,1.14351,d,,,
2025-05-03,Leicester City FC,Southampton FC,2,0,FINISHED,2024,,,,0.550774,1.60739,l
2025-05-03,Arsenal FC,AFC Bournemouth,1,2,FINISHED,2024,2.05484,1.41783,l,1.41783,2.05484,w
2025-05-04,Brentford FC,Manchester United FC,4,3,FINISHED,2024,3.58737,1.13404,w,1.13404,3.58737,l
2025-05-04,Brighton & Hove Albion FC,Newcastle United FC,1,1,FINISHED,2024,,,,1.63777,0.687863,d
2025-05-04,West Ham United FC,Tottenham Hotspur FC,1,1,FINISHED,2024,,,,,,
2025-05-04,Chelsea FC,Liverpool FC,3,1,FINISHED,2024,3.51944,1.4267,w,1.4267,3.51944,l
2025-05-05,Crystal Palace FC,Nottingham Forest FC,1,1,FINISHED,2024,2.34037,0.63684,d,0.63684,2.34037,d
2025-05-10,Fulham FC,Everton FC,1,3,FINISHED,2024,1.20869,1.32604,l,1.32604,1.20869,w
2025-05-10,Ipswich Town FC,Brentford FC,0,1,FINISHED,2024,,,,1.32077,0.717433,w
2025-05-10,Southampton FC,Manchester City FC,0,0,FINISHED,2024,0.136995,1.58463,d,1.58463,0.136995,d
2025-05-10,Wolverhampton Wanderers FC,Brighton & Hove Albion FC,0,2,FINISHED,2024,0.73395,1.41254,l,,,
2025-05-10,AFC Bournemouth,Aston Villa FC,0,1,FINISHED,2024,1.02272,1.12376,l,1.12376,1.02272,w
2025-05-11,Newcastle United FC,Chelsea FC,2,0,FINISHED,2024,1.6703,0.646426,w,0.646426,1.6703,l
2025-05-11,Manchester United FC,West Ham United FC,0,2,FINISHED,2024,2.31287,2.15985,l,,,
2025-05-11,Nottingham Forest FC,Leicester City FC,2,2,FINISHED,2024,1.76909,1.22949,d,,,
2025-05-11,Tottenham Hotspur FC,Crystal Palace FC,0,2,FINISHED,2024,,,,3.98546,0.806792,w
2025-05-11,Liverpool FC,Arsenal FC,2,2,FINISHED,2024,2.74682,2.18795,d,2.18795,2.74682,d
2025-05-16,Aston Villa FC,Tottenham Hotspur FC,2,0,FINISHED,2024,1.69061,0.523016,w,,,
2025-05-16,Chelsea FC,Manchester United FC,1,0,FINISHED,2024,1.29571,0.337632,w,0.337632,1.29571,l
2025-05-18,Everton FC,Southampton FC,2,0,FINISHED,2024,2.67793,1.05025,w,1.05025,2.67793,l
2025-05-18,West Ham United FC,Nottingham Forest FC,1,2,FINISHED,2024,,,,2.14756,0.850457,w
2025-05-18,Brentford FC,Fulham FC,2,3,FINISHED,2024,2.43045,1.61741,l,1.61741,2.43045,w
2025-05-18,Leicester City FC,Ipswich Town FC,2,0,FINISHED,2024,,,,,,
2025-05-18,Arsenal FC,Newcastle United FC,1,0,FINISHED,2024,1.15958,2.24634,w,2.24634,1.15958,l
2025-05-19,Brighton & Hove Albion FC,Liverpool FC,3,2,FINISHED,2024,,,,3.065,2.17789,l
2025-05-20,Crystal Palace FC,Wolverhampton Wanderers FC,4,2,FINISHED,2024,1.68451,1.42886,w,1.42886,1.68451,l
2025-05-20,Manchester City FC,AFC Bournemouth,3,1,FINISHED,2024,1.59779,0.962014,w,0.962014,1.59779,l
2025-05-25,AFC Bournemouth,Leicester City FC,2,0,FINISHED,2024,2.72449,0.156702,w,,,
2025-05-25,Fulham FC,Manchester City FC,0,2,FINISHED,2024,2.21797,2.45923,l,2.45923,2.21797,w
2025-05-25,Ipswich Town FC,West Ham United FC,1,3,FINISHED,2024,,,,,,
2025-05-25,Liverpool FC,Crystal Palace FC,1,1,FINISHED,2024,1.92122,1.4144,d,1.4144,1.92122,d
2025-05-25,Manchester United FC,Aston Villa FC,2,0,FINISHED,2024,2.96259,0.335222,w,0.335222,2.96259,l
2025-05-25,Newcastle United FC,Everton FC,0,1,FINISHED,2024,1.1591,1.07279,l,1.07279,1.1591,w
2025-05-25,Nottingham Forest FC,Chelsea FC,0,1,FINISHED,2024,1.58014,1.30874,l,1.30874,1.58014,w
2025-05-25,Southampton FC,Arsenal FC,1,2,FINISHED,2024,0.598144,2.40711,l,2.40711,0.598144,w
2025-05-25,Tottenham Hotspur FC,Brighton & Hove Albion FC,1,4,FINISHED,2024,,,,,,
2025-05-25,Wolverhampton Wanderers FC,Brentford FC,1,1,FINISHED,2024,1.10889,1.97196,d,1.97196,1.10889,d
